name,row,col,nnz,sparsity
08blocks,300,300,592,0.006577777777777778
1138_bus,1138,1138,2596,0.002004565095857747
2cubes_sphere,101492,101492,874378,8.488590834841512e-05
2D_27628_bjtcai,27628,27628,442898,0.0005802362056492377
2D_54019_highK,54019,54019,996414,0.00034146542855678386
3D_28984_Tetra,28984,28984,599170,0.0007132362671431919
3D_51448_3D,51448,51448,1056610,0.0003991882261227826
494_bus,494,494,1080,0.004425576554278878
662_bus,662,662,1568,0.003577915499128339
685_bus,685,685,1967,0.004192018754328946
a0nsdsil,80016,80016,200021,3.1240783686893895e-05
a2nnsnsl,80016,80016,196115,3.063071523867592e-05
a5esindl,60008,60008,145004,4.026814999967742e-05
ABACUS_shell_ud,23412,23412,218484,0.00039860487636483914
abtaha1,14596,209,51307,0.016818857103145516
abtaha2,37932,331,137228,0.010929719042471614
ACTIVSg10K,20000,20000,137736,0.00034434
ACTIVSg2000,4000,4000,29336,0.0018334999999999998
ACTIVSg70K,69999,69999,154313,3.149334878312986e-05
add20,2395,2395,17319,0.0030193383048365374
add32,4960,4960,23884,0.0009708311654526535
adder_dcop_01,1813,1813,11156,0.003394008279360103
adder_dcop_02,1813,1813,11246,0.003421389127795242
adder_dcop_03,1813,1813,11148,0.003391574426165869
adder_dcop_04,1813,1813,11107,0.003379100928545417
adder_dcop_05,1813,1813,11097,0.003376058612052624
adder_dcop_06,1813,1813,11224,0.003414696031511097
adder_dcop_07,1813,1813,11226,0.003415304494809656
adder_dcop_08,1813,1813,11242,0.003420172201198125
adder_dcop_09,1813,1813,11239,0.003419259506250287
adder_dcop_10,1813,1813,11232,0.003417129884705332
adder_dcop_11,1813,1813,11243,0.0034204764328474046
adder_dcop_12,1813,1813,11246,0.003421389127795242
adder_dcop_13,1813,1813,11245,0.003421084896145963
adder_dcop_14,1813,1813,11246,0.003421389127795242
adder_dcop_15,1813,1813,11246,0.003421389127795242
adder_dcop_16,1813,1813,11246,0.003421389127795242
adder_dcop_17,1813,1813,11246,0.003421389127795242
adder_dcop_18,1813,1813,11246,0.003421389127795242
adder_dcop_19,1813,1813,11245,0.003421084896145963
adder_dcop_20,1813,1813,11246,0.003421389127795242
adder_dcop_21,1813,1813,11246,0.003421389127795242
adder_dcop_22,1813,1813,11246,0.003421389127795242
adder_dcop_23,1813,1813,11246,0.003421389127795242
adder_dcop_24,1813,1813,11246,0.003421389127795242
adder_dcop_25,1813,1813,11246,0.003421389127795242
adder_dcop_26,1813,1813,11246,0.003421389127795242
adder_dcop_27,1813,1813,11246,0.003421389127795242
adder_dcop_28,1813,1813,11246,0.003421389127795242
adder_dcop_29,1813,1813,11246,0.003421389127795242
adder_dcop_30,1813,1813,11246,0.003421389127795242
adder_dcop_31,1813,1813,11246,0.003421389127795242
adder_dcop_32,1813,1813,11246,0.003421389127795242
adder_dcop_33,1813,1813,11246,0.003421389127795242
adder_dcop_34,1813,1813,11246,0.003421389127795242
adder_dcop_35,1813,1813,11246,0.003421389127795242
adder_dcop_36,1813,1813,11246,0.003421389127795242
adder_dcop_37,1813,1813,11246,0.003421389127795242
adder_dcop_38,1813,1813,11246,0.003421389127795242
adder_dcop_39,1813,1813,11246,0.003421389127795242
adder_dcop_40,1813,1813,11246,0.003421389127795242
adder_dcop_41,1813,1813,11246,0.003421389127795242
adder_dcop_42,1813,1813,11246,0.003421389127795242
adder_dcop_43,1813,1813,11246,0.003421389127795242
adder_dcop_44,1813,1813,11245,0.003421084896145963
adder_dcop_45,1813,1813,11246,0.003421389127795242
adder_dcop_46,1813,1813,11246,0.003421389127795242
adder_dcop_47,1813,1813,11246,0.003421389127795242
adder_dcop_48,1813,1813,11246,0.003421389127795242
adder_dcop_49,1813,1813,11246,0.003421389127795242
adder_dcop_50,1813,1813,11246,0.003421389127795242
adder_dcop_51,1813,1813,11246,0.003421389127795242
adder_dcop_52,1813,1813,11246,0.003421389127795242
adder_dcop_53,1813,1813,11246,0.003421389127795242
adder_dcop_54,1813,1813,11246,0.003421389127795242
adder_dcop_55,1813,1813,11246,0.003421389127795242
adder_dcop_56,1813,1813,11246,0.003421389127795242
adder_dcop_57,1813,1813,11246,0.003421389127795242
adder_dcop_58,1813,1813,11246,0.003421389127795242
adder_dcop_59,1813,1813,11246,0.003421389127795242
adder_dcop_60,1813,1813,11246,0.003421389127795242
adder_dcop_61,1813,1813,11246,0.003421389127795242
adder_dcop_62,1813,1813,11246,0.003421389127795242
adder_dcop_63,1813,1813,11246,0.003421389127795242
adder_dcop_64,1813,1813,11246,0.003421389127795242
adder_dcop_65,1813,1813,11246,0.003421389127795242
adder_dcop_66,1813,1813,11246,0.003421389127795242
adder_dcop_67,1813,1813,11246,0.003421389127795242
adder_dcop_68,1813,1813,11246,0.003421389127795242
adder_dcop_69,1813,1813,11246,0.003421389127795242
adder_trans_01,1814,1814,14579,0.004430504382792661
adder_trans_02,1814,1814,14579,0.004430504382792661
af_0_k101,503625,503625,9027150,3.559066462857611e-05
af_1_k101,503625,503625,9027150,3.559066462857611e-05
af23560,23560,23560,484256,0.0008724176397508366
af_2_k101,503625,503625,9027150,3.559066462857611e-05
af_3_k101,503625,503625,9027150,3.559066462857611e-05
af_4_k101,503625,503625,9027150,3.559066462857611e-05
af_5_k101,503625,503625,9027150,3.559066462857611e-05
af_shell1,504855,504855,9046865,3.5494804304723717e-05
af_shell2,504855,504855,9046865,3.5494804304723717e-05
af_shell3,504855,504855,9046865,3.5494804304723717e-05
af_shell4,504855,504855,9046865,3.5494804304723717e-05
af_shell5,504855,504855,9046865,3.5494804304723717e-05
af_shell6,504855,504855,9046865,3.5494804304723717e-05
af_shell7,504855,504855,9046865,3.5494804304723717e-05
af_shell8,504855,504855,9046865,3.5494804304723717e-05
af_shell9,504855,504855,9046865,3.5494804304723717e-05
aft01,8205,8205,66886,0.000993523293454111
aircraft,3754,7517,20267,0.0007182086790453095
airfoil_2d,14214,14214,259688,0.0012853436591636549
ak2010,45292,45292,108549,5.291549091961226e-05
al2010,252266,252266,615241,9.667803783988077e-06
Alemdar,6245,6245,24413,0.0006259739577090015
analytics,303813,303813,1129939,1.2241715785550062e-05
Andrews,60000,60000,410077,0.00011391027777777777
apache1,80800,80800,311492,4.771162140966572e-05
apache2,715176,715176,2766523,5.408893387776973e-06
appu,14000,14000,1853104,0.009454612244897959
ar2010,186211,186211,452155,1.3039972422592026e-05
arc130,130,130,1282,0.07585798816568047
as-caida,31379,31379,106762,0.00010842726485909405
ASIC_100ks,99190,99190,578890,5.883832040841432e-05
ASIC_100k,99340,99340,954163,9.668837480177709e-05
ASIC_320ks,321671,321671,1827807,1.7664710235909522e-05
ASIC_320k,321821,321821,2635364,2.5445550383522345e-05
ASIC_680ks,682712,682712,2329176,4.99720577814811e-06
ASIC_680k,682862,682862,3871773,8.303171256088673e-06
astro-ph,16706,16706,121251,0.0004344505735768029
atmosmodd,1270432,1270432,8814880,5.461520344538144e-06
atmosmodj,1270432,1270432,8814880,5.461520344538144e-06
atmosmodl,1489752,1489752,10319760,4.649878906590232e-06
atmosmodm,1489752,1489752,10319760,4.649878906590232e-06
aug2dc,30200,30200,40000,4.385772553835358e-05
aug2d,29008,29008,38416,4.565376186997809e-05
aug3dcqp,35543,35543,77829,6.160745766281786e-05
aug3d,24300,24300,34992,5.925925925925926e-05
av41092,41092,41092,1683902,0.0009972458871730977
az2010,241666,241666,598047,1.0240100254458554e-05
b2_ss,1089,1089,4228,0.003565161591708048
barrier2-10,115625,115625,3897557,0.00029153384718772824
barrier2-11,115625,115625,3897557,0.00029153384718772824
barrier2-12,115625,115625,3897557,0.00029153384718772824
barrier2-1,113076,113076,3805068,0.0002975922027905323
barrier2-2,113076,113076,3805068,0.0002975922027905323
barrier2-3,113076,113076,3805068,0.0002975922027905323
barrier2-4,113076,113076,3805068,0.0002975922027905323
barrier2-9,115625,115625,3897557,0.00029153384718772824
bas1lp,5411,9825,587775,0.01105607604526262
Baumann,112211,112211,760631,6.0409209950769346e-05
bauru5727,40366,40366,145019,8.900071063341254e-05
baxter,27441,30733,111576,0.00013230184423868957
bayer01,57735,57735,277774,8.333227770734896e-05
bayer02,13935,13935,63679,0.00032793086050115556
bayer03,6747,6747,56196,0.001234479787568251
bayer04,20545,20545,159082,0.0003768849117095767
bayer05,3268,3268,27836,0.0026064099932732974
bayer06,3008,3008,27576,0.0030477238003621546
bayer07,3268,3268,27836,0.0026064099932732974
bayer08,3008,3008,27576,0.0030477238003621546
bayer09,3083,3083,21216,0.0022321144413154116
bayer10,13436,13436,94926,0.0005258297947128929
bbmat,38744,38744,1771722,0.0011802843969227592
bcircuit,68902,68902,375558,7.910671697110005e-05
bcsstk03,112,112,376,0.02997448979591837
bcsstk04,132,132,1890,0.10847107438016529
bcsstk05,153,153,1288,0.055021572899312234
bcsstk06,420,420,4140,0.02346938775510204
bcsstk07,420,420,4140,0.02346938775510204
bcsstk08,1074,1074,7017,0.006083351539173767
bcsstk09,1083,1083,9760,0.008321333050271594
bcsstk10,1086,1086,11578,0.009816889323009404
bcsstk11,1473,1473,17857,0.00823006006740934
bcsstk12,1473,1473,17857,0.00823006006740934
bcsstk13,2003,2003,42943,0.010703615071651134
bcsstk14,1806,1806,32630,0.010004181950407708
bcsstk15,3948,3948,60882,0.003906021439811778
bcsstk16,4884,4884,147631,0.0061890822025957165
bcsstk17,10974,10974,219812,0.0018252463391692523
bcsstk18,11948,11948,80519,0.0005640374554662661
bcsstk19,817,817,3835,0.005745413033023766
bcsstk20,485,485,1810,0.0076947603358486555
bcsstk21,3600,3600,15100,0.0011651234567901234
bcsstk22,138,138,417,0.02189666036546944
bcsstk23,3134,3134,24156,0.0024593879263967383
bcsstk24,3562,3562,81736,0.00644207163959456
bcsstk25,15439,15439,133840,0.0005614971982133062
bcsstk26,1922,1922,16129,0.004366170341551519
bcsstk27,1224,1224,28675,0.01913994083472169
bcsstk28,4410,4410,111717,0.0057443657735202925
bcsstk34,588,588,11003,0.03182412420750613
bcsstk35,30237,30237,740200,0.0008096022023734932
bcsstk36,23052,23052,583096,0.0010972935853722774
bcsstk37,25503,25503,583240,0.0008967363187583285
bcsstk38,8032,8032,181746,0.0028171985861335535
bcsstk39,46772,46772,1068033,0.000488216878530764
bcsstm05,153,153,153,0.006535947712418301
bcsstm06,420,420,420,0.002380952380952381
bcsstm07,420,420,3836,0.021746031746031746
bcsstm08,1074,1074,1074,0.000931098696461825
bcsstm09,1083,1083,1083,0.0009233610341643582
bcsstm10,1086,1086,11589,0.009826216130968733
bcsstm11,1473,1473,1473,0.0006788866259334691
bcsstm12,1473,1473,10566,0.004869732579506473
bcsstm13,2003,2003,11973,0.0029842904141042553
bcsstm19,817,817,817,0.0012239902080783353
bcsstm20,485,485,485,0.002061855670103093
bcsstm21,3600,3600,3600,0.0002777777777777778
bcsstm22,138,138,138,0.007246376811594203
bcsstm23,3134,3134,3134,0.0003190810465858328
bcsstm24,3562,3562,3562,0.00028074115665356543
bcsstm25,15439,15439,15439,6.477103439341926e-05
bcsstm26,1922,1922,1922,0.0005202913631633715
bcsstm27,1224,1224,28675,0.01913994083472169
bcsstm34,588,588,12429,0.03594856309870887
bcsstm35,30237,30237,18211,1.9918489202139536e-05
bcsstm36,23052,23052,166389,0.00031311753532267043
bcsstm37,25503,25503,14765,2.2701309489175503e-05
bcsstm38,8032,8032,7842,0.00012155685028809066
bcsstm39,46772,46772,46772,2.1380313007782435e-05
b_dyn,1089,1089,4264,0.003595517745279829
beacxc,497,506,50409,0.20044774576311625
beaflw,497,507,53403,0.21193432786065505
beause,497,507,44551,0.17680441624103596
BenElechi1,245874,245874,6698185,0.00011079800103528182
benzene,8219,8219,125444,0.0018570001246892005
bfwa398,398,398,3678,0.02321911062851948
bfwa782,782,782,7514,0.012287334593572778
bfwb398,398,398,1654,0.010441655513749653
bfwb782,782,782,3382,0.00553044524826499
big,13209,13209,91465,0.0005242217771108501
Binaryalphadigs_10NN,1404,1404,9696,0.004918791243577568
bips07_1693,13275,13275,49044,0.00027830231840573696
bips07_1998,15066,15066,62198,0.00027401888436752003
bips07_2476,16861,16861,66498,0.00023390630411609283
bips07_3078,21128,21128,75729,0.00016964671153529357
bips98_1142,9735,9735,40983,0.0004324459501916345
bips98_1450,11305,11305,44678,0.00034958483963896784
bips98_606,7135,7135,34738,0.0006823651777291391
blockqp1,60012,60012,340022,9.441278666437834e-05
bloweya,30004,30004,80005,8.887074399945359e-05
bloweybl,30003,30003,70001,7.77633354441667e-05
bloweybq,10001,10001,39996,0.0003998800199972003
bmw3_2,227362,227362,5757996,0.00011138727952705523
bmw7st_1,141347,141347,3740507,0.00018722217284161495
bmwcra_1,148770,148770,5396386,0.00024382165840734698
bodyy4,17546,17546,69742,0.0002265364797271776
bodyy5,18589,18589,73935,0.0002139626767193597
bodyy6,19366,19366,77057,0.0002054623456582015
boneS01,127224,127224,3421188,0.0002113678102471901
boyd1,93279,93279,652246,7.496243085473974e-05
boyd2,466316,466316,890091,4.093301887738239e-06
bp_0,822,822,3276,0.004848420267462305
bp_1000,822,822,4661,0.006898195014237424
bp_1200,822,822,4726,0.006994393829068027
bp_1400,822,822,4790,0.007089112662132003
bp_1600,822,822,4841,0.00716459173222986
bp_200,822,822,3802,0.005626890676706863
bp_400,822,822,4028,0.005961366555964031
bp_600,822,822,4172,0.006174483930357978
bp_800,822,822,4534,0.006710237329876096
brainpc2,27607,27607,96601,0.00012674860602807846
bratu3d,27792,27792,88627,0.00011474306502221122
breasttissue_10NN,106,106,706,0.06283374866500534
bundle1,10581,10581,390741,0.0034900813889648776
bundle_adj,513351,513351,10360701,3.9315184297047985e-05
bwm2000,2000,2000,7996,0.001999
bwm200,200,200,796,0.0199
c-18,2169,2169,8657,0.00184012918527361
c-19,2327,2327,12072,0.0022293921120664743
c-20,2921,2921,12803,0.001500543643809405
c-21,3509,3509,17833,0.0014482971402527119
c-22,3792,3792,16332,0.001135802221866154
c-23,3969,3969,17524,0.0011124257845874183
c-24,4119,4119,19909,0.0011734534406457654
c-25,3797,3797,26716,0.001853063238522796
c-26,4307,4307,19422,0.0010469940322633945
c-27,4563,4563,17969,0.0008630241945031472
c-28,4598,4598,17594,0.0008321979732474414
c-29,5033,5033,24382,0.0009625326412141223
c-30,5321,5321,35507,0.0012540864119823794
c-31,5339,5339,41955,0.001471851123530565
c-32,5975,5975,30223,0.000846567812188162
c-33,6317,6317,31220,0.0007823681190354298
c-34,6611,6611,35472,0.0008116174229677892
c-35,6537,6537,34714,0.0008123584255298367
c-36,7479,7479,36710,0.0006562923138480306
c-37,8204,8204,41440,0.0006156989930825385
c-38,8127,8127,42908,0.0006496474714673598
c-39,9271,9271,73041,0.0008497937806534273
c-40,9941,9941,45721,0.00046265320283546787
c-41,9769,9769,55757,0.0005842506165113476
c-42,10471,10471,60378,0.00055068393096391
c-43,11125,11125,67400,0.0005445777048352481
c-44,10728,10728,47864,0.00041588327964317036
c-45,13206,13206,93829,0.0005380151459615154
c-46,14913,14913,72655,0.00032668972204457866
c-47,15343,15343,113372,0.0004815986246903982
c-48,18354,18354,92217,0.0002737471049455867
c-49,21132,21132,89087,0.00019949551217840976
c-50,22401,22401,108013,0.00021524903664682155
c-51,23196,23196,113123,0.00021024453407701425
c-52,23948,23948,113332,0.0001976123368908343
c-53,30235,30235,201224,0.00022012016613480494
c-54,31793,31793,211743,0.0002094816769292816
c-55,32780,32780,218115,0.0002029867242224589
c-56,35910,35910,208405,0.00016161338399682797
c-57,37833,37833,221515,0.0001547610185019262
c-58,37595,37595,295076,0.00020877270068196788
c-59,41282,41282,260909,0.00015309732454232386
c-60,43640,43640,171109,8.984695630695609e-05
c-61,43618,43618,176817,9.293782860889182e-05
c-62ghs,41731,41731,300537,0.00017257598594529528
c-62,41731,41731,300537,0.00017257598594529528
c-63,44234,44234,239469,0.00012238744641344961
c-64b,51035,51035,384438,0.0001476012620848946
c-64,51035,51035,384438,0.0001476012620848946
c-65,48066,48066,204297,8.842723084909833e-05
c-66b,49989,49989,274498,0.0001098475275955217
c-66,49989,49989,274498,0.0001098475275955217
c-67b,57975,57975,294955,8.775548039416404e-05
c-67,57975,57975,294955,8.775548039416404e-05
c-68,64810,64810,315408,7.509113377855643e-05
c-69,67458,67458,345714,7.59713851830924e-05
c-70,68924,68924,363955,7.661375394461844e-05
c-71,76638,76638,468096,7.969784985813025e-05
c-72,84064,84064,395811,5.601028175063819e-05
c-73b,169422,169422,724348,2.5235252635076258e-05
c-73,169422,169422,724348,2.5235252635076258e-05
c8_mat11_I,4562,5761,2462970,0.09371432163283919
c8_mat11,4562,5761,2462970,0.09371432163283919
ca2010,710145,710145,1744683,3.4595727062929143e-06
cage10,11397,11397,150645,0.0011597746856765782
cage11,39082,39082,559722,0.00036645345147361406
cage12,130228,130228,2032536,0.00011984764505568747
cage13,445315,445315,7479343,3.7716275721267936e-05
cage7,340,340,3084,0.02667820069204152
cage8,1015,1015,11003,0.010680191220364484
cage9,3534,3534,41594,0.0033304091965862224
CAG_mat1916,1916,1916,195985,0.05338654599657428
CAG_mat364,364,364,13585,0.10253139717425432
cant,62451,62451,2034917,0.000521756545562651
car4,16384,33052,63724,0.00011767530851007503
cari,400,1200,152800,0.31833333333333336
case39,40216,40216,526139,0.00032531399766900273
case9,14454,14454,75801,0.00036282636207575215
cavity01,317,317,7327,0.07291345321378459
cavity02,317,317,7327,0.07291345321378459
cavity03,317,317,7327,0.07291345321378459
cavity04,317,317,7327,0.07291345321378459
cavity05,1182,1182,32747,0.02343886441003089
cavity06,1182,1182,32747,0.02343886441003089
cavity07,1182,1182,32747,0.02343886441003089
cavity08,1182,1182,32747,0.02343886441003089
cavity09,1182,1182,32747,0.02343886441003089
cavity10,2597,2597,76367,0.011323008435579752
cavity11,2597,2597,76367,0.011323008435579752
cavity12,2597,2597,76367,0.011323008435579752
cavity13,2597,2597,76367,0.011323008435579752
cavity14,2597,2597,76367,0.011323008435579752
cavity15,2597,2597,76367,0.011323008435579752
cavity16,4562,4562,138187,0.006639824899706148
cavity17,4562,4562,138187,0.006639824899706148
cavity18,4562,4562,138187,0.006639824899706148
cavity19,4562,4562,138187,0.006639824899706148
cavity20,4562,4562,138187,0.006639824899706148
cavity21,4562,4562,138187,0.006639824899706148
cavity22,4562,4562,138187,0.006639824899706148
cavity23,4562,4562,138187,0.006639824899706148
cavity24,4562,4562,138187,0.006639824899706148
cavity25,4562,4562,138187,0.006639824899706148
cavity26,4562,4562,138187,0.006639824899706148
c-big,345241,345241,1343126,1.1268653485546947e-05
cbuckle,13681,13681,345098,0.0018437700521506783
cdde1,961,961,4681,0.005068644892752845
cdde2,961,961,4681,0.005068644892752845
cdde3,961,961,4681,0.005068644892752845
cdde4,961,961,4681,0.005068644892752845
cdde5,961,961,4681,0.005068644892752845
cdde6,961,961,4681,0.005068644892752845
celegans_metabolic,453,453,2040,0.009941084455360145
celegansneural,297,297,2345,0.026584588874151164
cell1,7055,7055,34855,0.0007002789161398167
cell2,7055,7055,34855,0.0007002789161398167
cep1,1521,4769,8233,0.0011350149421346415
cfd1,70656,70656,949510,0.0001901960302816422
cfd2,123440,123440,1605669,0.00010537660357712731
ch5-5-b1,200,25,400,0.08
ch5-5-b2,600,200,1800,0.015
ch5-5-b3,600,600,2400,0.006666666666666667
ch5-5-b4,120,600,600,0.008333333333333333
ch6-6-b1,450,36,900,0.05555555555555555
G31,2000,2000,19990,0.004997499999999999
ch6-6-b2,2400,450,7200,0.006666666666666667
ch6-6-b3,5400,2400,21600,0.0016666666666666668
ch6-6-b4,4320,5400,21600,0.000925925925925926
ch6-6-b5,720,4320,4320,0.001388888888888889
ch7-6-b1,630,42,1260,0.047619047619047616
ch7-6-b2,4200,630,12600,0.004761904761904762
ch7-6-b3,12600,4200,50400,0.0009523809523809524
ch7-6-b4,15120,12600,75600,0.0003968253968253968
ch7-6-b5,5040,15120,30240,0.0003968253968253968
ch7-7-b1,882,49,1764,0.04081632653061224
ch7-7-b2,7350,882,22050,0.003401360544217687
ch7-7-b5,35280,52920,211680,0.00011337868480725624
ch7-8-b1,1176,56,2352,0.03571428571428571
ch7-8-b2,11760,1176,35280,0.002551020408163265
ch7-8-b3,58800,11760,235200,0.0003401360544217687
ch7-8-b4,141120,58800,705600,8.503401360544217e-05
ch7-8-b5,141120,141120,846720,4.2517006802721085e-05
ch7-9-b1,1512,63,3024,0.031746031746031744
ch7-9-b2,17640,1512,52920,0.001984126984126984
ch7-9-b3,105840,17640,423360,0.00022675736961451248
ch7-9-b4,317520,105840,1587600,4.72411186696901e-05
ch7-9-b5,423360,317520,2540160,1.889644746787604e-05
ch8-8-b1,1568,64,3136,0.03125
ch8-8-b2,18816,1568,56448,0.001913265306122449
ch8-8-b3,117600,18816,470400,0.00021258503401360543
ch8-8-b4,376320,117600,1881600,4.2517006802721085e-05
ch8-8-b5,564480,376320,3386880,1.594387755102041e-05
Chebyshev1,261,261,2319,0.03404236579028493
Chebyshev2,2053,2053,18447,0.004376710783335615
Chebyshev3,4101,4101,36879,0.0021928029044247957
Chebyshev4,68121,68121,5377761,0.001158882668599562
Chem97ZtZ,2541,2541,4951,0.0007668026343565681
chem_master1,40401,40401,201201,0.00012326673850863992
chipcool0,20082,20082,281150,0.0006971466782030742
chipcool1,20082,20082,281150,0.0006971466782030742
ch,3700,8291,24102,0.0007856777293515926
circuit_1,2624,2624,35823,0.005202765978212374
circuit204,1020,1020,5883,0.005654555940023068
circuit_2,4510,4510,21199,0.0010422269310377038
circuit_3,12127,12127,48137,0.00032731979121842825
circuit_4,80209,80209,307604,4.781297587004791e-05
circuit5M_dc,3523317,3523317,19194193,1.5462026696446803e-06
cis-n4c6-b13,6300,25605,88200,0.0005467682093341144
cis-n4c6-b14,920,6300,13800,0.002380952380952381
cis-n4c6-b1,210,21,420,0.09523809523809523
cis-n4c6-b2,1330,210,3990,0.014285714285714285
cis-n4c6-b3,5970,1330,23880,0.0030075187969924814
cis-n4c6-b4,20058,5970,100290,0.0008375209380234506
ck104,104,104,992,0.09171597633136094
ck400,400,400,2860,0.017875000000000002
ck656,656,656,3884,0.009025505651397977
ckt11752_dc_1,49702,49702,333029,0.00013481379159422367
ckt11752_tr_0,49702,49702,333029,0.00013481379159422367
cnae9_10NN,1080,1080,9139,0.007835219478737998
co2010,201062,201062,487287,1.2053823523368381e-05
co5,5774,12325,57993,0.0008149141672363558
co9,10789,22924,109651,0.00044334417204595455
coater1,1348,1348,19457,0.01070769752309169
coater2,9540,9540,207308,0.0022778195306971862
CollegeMsg,1899,1899,20296,0.005628083404114191
collins_15NN,1000,1000,8246,0.008246
complex,1023,1408,46463,0.032257370256820406
comsol,1500,1500,97645,0.04339777777777778
cond-mat-2003,31163,31163,120029,0.00012359692572518386
cond-mat-2005,40421,40421,175693,0.00010753265070604783
cond-mat,16726,16726,47594,0.0001701249542302606
consph,83334,83334,3046907,0.00043874758801051194
cont11_l,1468599,1961394,5382999,1.868771613350166e-06
cont1_l,1918399,1921596,7031999,1.9075581018724525e-06
cont-201,80595,80595,239596,3.688615306374886e-05
cont-300,180895,180895,539396,1.648369596626873e-05
cop20k_A,121192,121192,1362087,9.273783284252e-05
copter2,55476,55476,407714,0.00013247848271092795
CO,221119,221119,3943588,8.065650758251001e-05
CoupCons3D,416800,416800,22322336,0.00012849440578247207
coupled,11341,11341,98523,0.0007660108596848687
cq5,5048,11748,51571,0.0008696054816222554
cq9,9278,21534,96653,0.00048376702439189244
cr42,905,1513,6614,0.004830328679985248
crankseg_1,52804,52804,5333507,0.0019128425536256988
crankseg_2,63838,63838,7106348,0.0017437648791917555
crashbasis,160000,160000,1750416,6.837562499999999e-05
cryg10000,10000,10000,49699,0.00049699
cryg2500,2500,2500,12349,0.00197584
crystk01,4875,4875,160383,0.006748528599605523
crystk02,13965,13965,491274,0.0025190796540222734
crystk03,24696,24696,887937,0.0014558911977026452
crystm01,4875,4875,55107,0.002318769230769231
crystm02,13965,13965,168435,0.0008636752230430304
crystm03,24696,24696,304233,0.0004988306003136134
ct2010,67578,67578,168176,3.682589832469149e-05
ct20stif,52329,52329,1375396,0.0005022765308091212
CurlCurl_0,11083,11083,62213,0.0005064848714907292
CurlCurl_1,226451,226451,1349261,2.63116135395924e-05
CurlCurl_2,806529,806529,4864159,7.477695690186113e-06
CurlCurl_3,1219574,1219574,7382096,4.9632182658487345e-06
cvxbqp1,50000,50000,199984,7.99936e-05
cvxqp3,17500,17500,69981,0.00022850938775510204
cyl6,13681,13681,363961,0.00194455022037454
cz10228,10228,10228,102876,0.0009834054958751189
cz1268,1268,1268,12786,0.007952362945197982
cz148,148,148,1527,0.06971329437545655
cz20468,20468,20468,206076,0.0004918997472052162
cz2548,2548,2548,25674,0.003954528315371553
cz308,308,308,3182,0.03354275594535335
cz40948,40948,40948,412148,0.00024580335565510986
cz5108,5108,5108,51412,0.001970437761271186
cz628,628,628,6346,0.01609091646719948
D_10,460,816,7614,0.02028452685421995
D_11,169,461,2952,0.037890359265296686
D_5,434,115,1832,0.0367060709276698
D6-6,120576,23740,146880,5.131225215846833e-05
D_6,970,435,6491,0.015383339258205949
D_7,1270,971,12714,0.010310014028884906
D_8,1132,1271,14966,0.01040192608696861
D_9,815,1133,12395,0.013423291224232317
dano3mip,3202,15851,81633,0.0016083766647800837
darcy003,389874,389874,1167685,7.682050427059427e-06
dataset12mfeatfactors_10NN,2000,2000,13721,0.00343025
dataset16mfeatkarhunen_10NN,2000,2000,13834,0.0034584999999999998
dataset18mfeatmorphological_10NN,2000,2000,11416,0.002854
dataset20mfeatpixel_10NN,2000,2000,13966,0.0034915
dataset22mfeatzernike_10NN,2000,2000,13707,0.00342675
dawson5,51537,51537,531157,0.0001999791142705655
G30,2000,2000,19990,0.004997499999999999
dbic1,43200,226317,1081843,0.00011065303108929969
dbir1,18804,45775,1077025,0.0012512589266306447
dbir2,18906,45877,1158159,0.0013352836220333248
dc1,116835,116835,766396,5.614451099680582e-05
dc2,116835,116835,766396,5.614451099680582e-05
dc3,116835,116835,766396,5.614451099680582e-05
de063155,852,1848,4913,0.0031203635957157082
de063157,936,1908,5119,0.0028663611603863175
de080285,936,1908,5082,0.0028456431758318553
de2010,24115,24115,58028,9.97844964060308e-05
degme,185501,659415,8127528,6.644363704526782e-05
delf,3170,6654,15397,0.0007299515767655707
Delor295K,295734,1823928,2401323,4.4518613766851075e-06
Delor338K,343236,887058,4211599,1.383254732651623e-05
Delor64K,64719,1785345,652140,5.643998495812867e-06
deltaX,68600,21961,247424,0.0001642349550747462
dendrimer,730,730,31877,0.05981797710639895
denormal,89400,89400,622812,7.792591925288651e-05
dermatology_5NN,366,366,1220,0.009107468123861567
descriptor_xingo6u,20738,20738,73916,0.00017187183608611176
deter0,1923,5468,11173,0.001062580908503348
deter1,5527,15737,32187,0.00037005739781436996
deter2,6095,17313,35731,0.0003386094949112151
deter3,7647,21777,44547,0.0002675034088264379
deter4,3235,9133,19231,0.0006508997806923651
deter5,5103,14529,29715,0.0004007877532858223
deter6,4255,12113,24771,0.0004806093966500141
deter7,6375,18153,37131,0.00032085443663500764
deter8,3831,10905,22299,0.0005337618939391492
dixmaanl,60000,60000,179999,4.999972222222222e-05
DK01R,903,903,11766,0.014429568474225819
d_pretok,182730,182730,885416,2.6517199574729786e-05
dtoc,24993,24993,34986,5.600896062684852e-05
Dubcova1,16129,16129,134569,0.0005172853051391515
Dubcova2,65025,65025,547625,0.00012951573796550906
Dubcova3,146689,146689,1891669,8.791238270287786e-05
dw1024,2048,2048,10114,0.002411365509033203
dw2048,2048,2048,10114,0.002411365509033203
dw256A,512,512,2480,0.00946044921875
dw256B,512,512,2500,0.0095367431640625
dw4096,8192,8192,41746,0.0006220638751983643
dw8192,8192,8192,41746,0.0006220638751983643
dwa512,512,512,2480,0.00946044921875
dwb512,512,512,2500,0.0095367431640625
dynamicSoaringProblem_1,647,647,2865,0.0068440955641183064
dynamicSoaringProblem_2,1591,1591,8241,0.0032556638318701086
dynamicSoaringProblem_3,2871,2871,16818,0.002040365460536253
dynamicSoaringProblem_4,3191,3191,19155,0.0018811721819073368
dynamicSoaringProblem_5,3271,3271,19314,0.0018051410349381805
dynamicSoaringProblem_6,3431,3431,19335,0.001642490023370335
dynamicSoaringProblem_7,3511,3511,19827,0.001608404752415426
dynamicSoaringProblem_8,3543,3543,20064,0.001598362252266398
e18,24617,38602,156466,0.00016465504731807387
e40r0100,17281,17281,553562,0.0018536533882473876
EAT_RS,23219,23219,325592,0.0006039301374332254
EAT_SR,23219,23219,325589,0.0006039245728296347
ecl32,51993,51993,380415,0.00014072390536524945
Ecoli_10NN,336,336,2280,0.020195578231292515
ecology1,1000000,1000000,2998000,2.9980000000000003e-06
ecology2,999999,999999,2997995,2.998000995998994e-06
email-Eu-core-temporal,1005,1005,24929,0.024681567287938418
engine,143571,143571,2424822,0.00011763766971519483
epb0,1794,1794,7764,0.0024123518379734754
epb1,14734,14734,95053,0.0004378491362386706
epb2,25228,25228,175027,0.0002750042491815062
epb3,84617,84617,463625,6.475176317354203e-05
ESOC,327062,37830,6019939,0.00048654796576736033
EternityII_A,7362,150638,782087,0.0007052201503067065
EternityII_E,11077,262144,1503732,0.0005178552269236086
EternityII_Etilde,10054,204304,1170516,0.0005698513795727833
eurqsa,7245,7245,25633,0.0004883404037243266
ex10hs,2548,2548,29928,0.004609765654843026
ex10,2410,2410,28625,0.0049284619755169505
ex11,16614,16614,1096948,0.0039740893610953985
ex12,3973,3973,42092,0.002666627979485742
ex13,2568,2568,39098,0.005928768645490631
ex14,3251,3251,35013,0.0033128012761092555
ex15,6867,6867,52769,0.0011190378323175387
ex18,5773,5773,71805,0.002154525167467411
ex19,12005,12005,259879,0.0018032122878135774
ex1,216,216,4352,0.09327846364883402
ex20,2203,2203,69981,0.014419531489371258
ex21,656,656,19144,0.04448616894705532
ex22,839,839,22715,0.03226924612278935
ex23,1409,1409,43703,0.02201350841518153
ex24,2283,2283,48737,0.009350761278251388
ex25,848,848,24612,0.03422592559629761
ex26,2163,2163,94033,0.020098666921445425
ex27,974,974,40782,0.04298833321386859
ex28,2603,2603,77781,0.011479558516437416
ex29,2870,2870,23754,0.0028838519345870416
ex2,441,441,13640,0.07013538597600795
ex31,3909,3909,115357,0.007549403050899391
ex32,1159,1159,6251,0.004653531167343244
ex33,1733,1733,11961,0.0039826337059137495
ex35,19716,19716,228208,0.0005870745392032884
ex36,3079,3079,53843,0.005679496966374589
ex37,3565,3565,67591,0.005318262915323318
ex3,1821,1821,27253,0.00821853529555274
ex40,7740,7740,458012,0.007645307106277
ex4,1601,1601,16950,0.006612825135445874
ex6,1651,1651,49533,0.01817190616629754
ex7,1633,1633,54543,0.020453453702325243
ex8,3096,3096,106344,0.011094585661919355
ex9,3363,3363,51417,0.004546246700529427
exdata_1,6001,6001,1137751,0.031593662346060696
extr1b,2836,2836,11404,0.0014178972350257918
extr1,2837,2837,11407,0.0014172705731913338
F2,71505,71505,2682895,0.0005247239100760327
f855_mat9_I,2456,2511,171214,0.02776285970394758
f855_mat9,2456,2511,171214,0.02776285970394758
Fashion_MNIST_norm_10NN,10000,10000,79152,0.00079152
FA,10617,10617,72176,0.000640308364332301
fd12,7500,7500,28462,0.0005059911111111111
fd15,11532,11532,44206,0.0003324083709099318
fd18,16428,16428,63406,0.00023494216582483813
FEM_3D_thermal1,17880,17880,430740,0.001347349218503671
FEM_3D_thermal2,147900,147900,3489300,0.0001595151594945875
filter2D,1668,1668,6209,0.0022316679030876018
filter3D,106437,106437,1406808,0.00012417940625400242
finan512,74752,74752,335872,6.010743103771815e-05
fl2010,484481,484481,1173147,4.99803087430527e-06
flowmeter0,9669,9669,38530,0.0004121315747754982
flowmeter5,9669,9669,67391,0.0007208398379365585
foldoc,13356,13356,120238,0.0006740450488437401
fome11,12142,24460,71264,0.0002399515248356428
fome12,24284,48920,142528,0.0001199757624178214
fome13,48568,97840,285056,5.99878812089107e-05
fome20,33874,108175,232647,6.348981616629847e-05
fome21,67748,216350,465294,3.174490808314924e-05
football,115,115,613,0.046351606805293
fpga_dcop_01,1220,1220,5892,0.003958613276001075
fpga_dcop_02,1220,1220,5892,0.003958613276001075
fpga_dcop_03,1220,1220,5892,0.003958613276001075
fpga_dcop_04,1220,1220,5884,0.003953238376780435
fpga_dcop_05,1220,1220,5852,0.003931738779897877
fpga_dcop_06,1220,1220,5860,0.0039371136791185165
fpga_dcop_07,1220,1220,5855,0.003933754367105617
fpga_dcop_08,1220,1220,5888,0.003955925826390755
fpga_dcop_09,1220,1220,5888,0.003955925826390755
fpga_dcop_10,1220,1220,5884,0.003953238376780435
fpga_dcop_11,1220,1220,5892,0.003958613276001075
fpga_dcop_12,1220,1220,5892,0.003958613276001075
fpga_dcop_13,1220,1220,5892,0.003958613276001075
fpga_dcop_14,1220,1220,5892,0.003958613276001075
fpga_dcop_15,1220,1220,5892,0.003958613276001075
fpga_dcop_16,1220,1220,5892,0.003958613276001075
fpga_dcop_17,1220,1220,5892,0.003958613276001075
fpga_dcop_18,1220,1220,5892,0.003958613276001075
fpga_dcop_19,1220,1220,5892,0.003958613276001075
fpga_dcop_20,1220,1220,5892,0.003958613276001075
fpga_dcop_21,1220,1220,5892,0.003958613276001075
fpga_dcop_22,1220,1220,5892,0.003958613276001075
fpga_dcop_23,1220,1220,5892,0.003958613276001075
fpga_dcop_24,1220,1220,5892,0.003958613276001075
fpga_dcop_25,1220,1220,5892,0.003958613276001075
fpga_dcop_26,1220,1220,5892,0.003958613276001075
fpga_dcop_27,1220,1220,5892,0.003958613276001075
fpga_dcop_28,1220,1220,5892,0.003958613276001075
fpga_dcop_29,1220,1220,5892,0.003958613276001075
fpga_dcop_30,1220,1220,5892,0.003958613276001075
fpga_dcop_31,1220,1220,5892,0.003958613276001075
fpga_dcop_32,1220,1220,5892,0.003958613276001075
fpga_dcop_33,1220,1220,5892,0.003958613276001075
fpga_dcop_34,1220,1220,5892,0.003958613276001075
fpga_dcop_35,1220,1220,5892,0.003958613276001075
fpga_dcop_36,1220,1220,5892,0.003958613276001075
fpga_dcop_37,1220,1220,5892,0.003958613276001075
fpga_dcop_38,1220,1220,5892,0.003958613276001075
fpga_dcop_39,1220,1220,5892,0.003958613276001075
fpga_dcop_40,1220,1220,5892,0.003958613276001075
fpga_dcop_41,1220,1220,5892,0.003958613276001075
fpga_dcop_42,1220,1220,5892,0.003958613276001075
fpga_dcop_43,1220,1220,5892,0.003958613276001075
fpga_dcop_44,1220,1220,5892,0.003958613276001075
fpga_dcop_45,1220,1220,5892,0.003958613276001075
fpga_dcop_46,1220,1220,5892,0.003958613276001075
fpga_dcop_47,1220,1220,5892,0.003958613276001075
fpga_dcop_48,1220,1220,5892,0.003958613276001075
fpga_dcop_49,1220,1220,5892,0.003958613276001075
fpga_dcop_50,1220,1220,5892,0.003958613276001075
fpga_dcop_51,1220,1220,5892,0.003958613276001075
fpga_trans_01,1220,1220,7382,0.004959688255845203
fpga_trans_02,1220,1220,7382,0.004959688255845203
fp,7548,7548,848553,0.014894131717053253
Franz10,19588,4164,97508,0.0011954720655689727
Franz11,47104,30144,329728,0.00023221868365180467
Franz1,2240,768,5120,0.002976190476190476
Franz2,4032,4480,21504,0.0011904761904761904
Franz3,1280,2800,11520,0.0032142857142857142
Franz4,6784,5252,46528,0.0013058816767017776
Franz5,7382,2882,44056,0.0020707947064816778
Franz6,7576,3016,45456,0.001989389920424403
Franz7,10164,1740,40424,0.002285732379776267
Franz8,16728,7176,100368,0.0008361204013377926
Franz9,19588,4164,97508,0.0011954720655689727
freeFlyingRobot_10,5218,5218,21604,0.0007934617925596172
freeFlyingRobot_11,5438,5438,21657,0.0007323520305328272
freeFlyingRobot_12,5578,5578,22642,0.0007277090336324861
freeFlyingRobot_13,5718,5718,23711,0.0007252063004098053
freeFlyingRobot_14,5958,5958,23435,0.0006601824272649962
freeFlyingRobot_15,6038,6038,23499,0.0006445597228373992
freeFlyingRobot_16,6078,6078,23825,0.0006449284236373887
freeFlyingRobot_1,798,798,2861,0.004492748161129641
freeFlyingRobot_2,1338,1338,6200,0.0034632150701245194
freeFlyingRobot_3,1718,1718,6975,0.0023631859337752293
freeFlyingRobot_4,2358,2358,9815,0.001765235701680742
freeFlyingRobot_5,2878,2878,13153,0.0015879734643150863
freeFlyingRobot_6,3358,3358,14521,0.0012877606249784945
freeFlyingRobot_7,3918,3918,16697,0.001087701140350123
freeFlyingRobot_8,4398,4398,18797,0.0009718026776816367
freeFlyingRobot_9,4778,4778,21414,0.0009380057648763753
Freescale1,3428755,3428755,18920347,1.6093710665541341e-06
Freescale2,2999349,2999349,23042677,2.5614089753255484e-06
fs_183_1,183,183,1069,0.03192092926035414
fs_183_3,183,183,1069,0.03192092926035414
fs_183_4,183,183,1069,0.03192092926035414
fs_183_6,183,183,1069,0.03192092926035414
fs_541_1,541,541,4285,0.014640513050044246
fs_541_2,541,541,4285,0.014640513050044246
fs_541_3,541,541,4285,0.014640513050044246
fs_541_4,541,541,4285,0.014640513050044246
fs_680_1,680,680,2646,0.005722318339100346
fs_680_2,680,680,2646,0.005722318339100346
fs_680_3,680,680,2646,0.005722318339100346
fs_760_1,760,760,5976,0.010346260387811635
fs_760_2,760,760,5976,0.010346260387811635
fs_760_3,760,760,5976,0.010346260387811635
fv1,9604,9604,47434,0.0005142631983306969
fv2,9801,9801,48413,0.000503989184797884
fv3,9801,9801,48413,0.000503989184797884
fxm2-16,3900,7335,32972,0.0011526051771450546
fxm2-6,1520,2845,12812,0.002962723152344834
fxm3_16,41340,85575,392252,0.0001108786134830816
FX_March2010,1319,9498,301899,0.024098206062614674
G10,800,800,19176,0.0299625
G11,800,800,1600,0.0025
G12,800,800,1600,0.0025
G13,800,800,1600,0.0025
G18,800,800,4694,0.007334375
G19,800,800,4661,0.0072828125
G20,800,800,4672,0.0073
G21,800,800,4667,0.0072921875
G27,2000,2000,19990,0.004997499999999999
G28,2000,2000,19990,0.004997499999999999
G29,2000,2000,19990,0.004997499999999999
G2_circuit,150102,150102,438388,1.9457439995596845e-05
G32,2000,2000,4000,0.001
G33,2000,2000,4000,0.001
G34,2000,2000,4000,0.001
G39,2000,2000,11778,0.0029445
G3_circuit,1585478,1585478,4623152,1.8391524587282097e-06
G40,2000,2000,11766,0.0029415
G41,2000,2000,11785,0.00294625
G42,2000,2000,11779,0.00294475
G56,5000,5000,12498,0.00049992
G57,5000,5000,10000,0.0004
G59,5000,5000,29570,0.0011828
G61,7000,7000,17148,0.0003499591836734694
G62,7000,7000,14000,0.00028571428571428574
G64,7000,7000,41459,0.0008461020408163266
G65,8000,8000,16000,0.00025
G66,9000,9000,18000,0.00022222222222222223
G67,10000,10000,20000,0.0002
G6,800,800,19176,0.0299625
g7jac010sc,2880,2880,19635,0.002367259837962963
g7jac010,2880,2880,19635,0.002367259837962963
g7jac020sc,5850,5850,45465,0.0013285119438965593
g7jac020,5850,5850,45465,0.0013285119438965593
g7jac040sc,11790,11790,114671,0.000824946890055761
g7jac040,11790,11790,114671,0.000824946890055761
g7jac050sc,14760,14760,157990,0.0007251984782720456
g7jac060sc,17730,17730,203316,0.0006467762823247375
g7jac060,17730,17730,203316,0.0006467762823247375
g7jac080sc,23670,23670,293976,0.0005247051906682666
g7jac080,23670,23670,293976,0.0005247051906682666
g7jac100sc,29610,29610,384636,0.0004387055360346442
g7jac100,29610,29610,384636,0.0004387055360346442
g7jac120sc,35550,35550,475296,0.0003760840795931326
g7jac120,35550,35550,475296,0.0003760840795931326
g7jac140sc,41490,41490,565956,0.0003287727382757991
g7jac140,41490,41490,565956,0.0003287727382757991
g7jac160sc,47430,47430,656616,0.00029188058756450964
g7jac160,47430,47430,656616,0.00029188058756450964
g7jac180sc,53370,53370,747276,0.00026235335887858717
g7jac180,53370,53370,747276,0.00026235335887858717
g7jac200sc,59310,59310,837936,0.00023820726416511173
g7jac200,59310,59310,837936,0.00023820726416511173
G7,800,800,19176,0.0299625
G8,800,800,19176,0.0299625
G9,800,800,19176,0.0299625
Ga10As10H30,113081,113081,3114357,0.0002435505494327613
Ga19As19H42,133123,133123,4508981,0.000254432281943207
ga2010,291086,291086,709028,8.367982237614652e-06
Ga3As3H12,61349,61349,3016148,0.0008013784731711657
Ga41As41H72,268096,268096,9378286,0.0001304796563307993
GaAsH6,61349,61349,1721579,0.0004574166620681552
gams10am,114,171,407,0.020878218939160767
gams10a,114,171,407,0.020878218939160767
gams30am,354,531,1287,0.006846691563726899
gams30a,354,531,1287,0.006846691563726899
gams60am,714,1071,2607,0.003409206819982895
garon1,3175,3175,88927,0.008821576043152085
garon2,13535,13535,390607,0.0021321782149168193
gas11,459,862,2166,0.005474424882095143
gas_sensor,66917,66917,885141,0.00019766944035885423
GD00_c,638,638,1041,0.002557463075244937
GD01_Acap,953,953,645,0.000710188954304571
GD01_a,311,311,645,0.006668665543160223
GD96_a,1096,1096,1677,0.0013960853002291012
GD97_c,452,452,460,0.0022515467146996633
Ge87H76,112985,112985,4002590,0.00031354474478324443
Ge99H100,112985,112985,4282190,0.0003354473405128582
gemat11,4929,4929,33185,0.0013659166082493953
gemat12,4929,4929,33111,0.0013628707191726906
gemat1,4929,10595,47369,0.0009070567035385245
gen1,769,2561,63086,0.03203296014184966
gen2,1121,3264,81855,0.02237120874219447
gen4,1537,4298,107103,0.016212924381466258
gen,769,2561,63086,0.03203296014184966
geom,7343,7343,11898,0.0002206616738176467
ge,10099,16369,44825,0.0002711563487749005
GL6_D_10,163,341,2053,0.0369357537376536
GL6_D_6,469,201,2526,0.026795659230499952
GL6_D_7,636,470,5378,0.017991435835675095
GL6_D_8,544,637,6153,0.017756140917905623
GL6_D_9,340,545,4349,0.02347004856988667
GL7d11,1019,60,1513,0.024746483480536475
GL7d12,8899,1019,37519,0.004137479583607601
GL7d13,47271,8899,356232,0.000846831360285345
GL7d14,171375,47271,1831183,0.0002260421816933049
GL7d15,460261,171375,6080381,7.708664574963493e-05
GL7d16,955128,460261,14488881,3.2958625524339396e-05
GL7d21,822922,1437547,18174775,1.5363434652367868e-05
GL7d22,349443,822922,8251000,2.869271000967899e-05
GL7d23,105054,349443,2695430,7.342418244121075e-05
GL7d24,21074,105054,593892,0.0002682550499266547
GL7d25,2798,21074,81671,0.0013850746710102112
GL7d26,305,2798,7412,0.008685360737763508
Glass_10NN,214,214,1493,0.032601100532797626
goddardRocketProblem_1,831,831,4457,0.006454172766779474
goddardRocketProblem_2,867,867,4746,0.006313781364367444
Goodwin_010,1182,1182,32282,0.02310603783200346
Goodwin_013,1965,1965,56069,0.014521039307473666
Goodwin_017,3317,3317,97773,0.008886443785583426
Goodwin_023,6005,6005,182168,0.0050517990489468605
Goodwin_030,10142,10142,312814,0.0030411578966566687
Goodwin_040,17922,17922,561677,0.001748693494697185
Goodwin_054,32510,32510,1030878,0.0009753788461180011
Goodwin_071,56021,56021,1797934,0.0005728910419720447
Goodwin_095,100037,100037,3226066,0.0003223680035451969
Goodwin_127,178437,178437,5778545,0.0001814883171594631
goodwin,7320,7320,324784,0.0060613932933201945
gr_30_30,900,900,4322,0.005335802469135803
graham1,9035,9035,335504,0.0041099958992407625
graphics,29493,11822,117954,0.00033830059936458545
gre_1107,1107,1107,5664,0.004621979372458585
gre_115,115,115,421,0.03183364839319471
gre_185,185,185,1005,0.029364499634769906
gre_216a,216,216,876,0.01877572016460905
gre_216b,216,216,876,0.01877572016460905
gre_343,343,343,1435,0.012197298744570715
gre_512,512,512,2192,0.00836181640625
gridgena,48962,48962,280523,0.00011701732759472791
gsm_106857,589446,589446,11174185,3.216087139949806e-05
GT01R,7980,7980,430909,0.00676674455562465
gyro_k,17361,17361,519260,0.0017228021093964345
gyro_m,17361,17361,178896,0.0005935415902680439
gyro,17361,17361,519260,0.0017228021093964345
H2O,67024,67024,1141880,0.0002541907721236279
Hamrle2,5952,5952,22162,0.0006255803597236674
Hamrle3,1447360,1447360,5514242,2.6322836707820385e-06
hangGlider_1,360,360,1838,0.014182098765432099
hangGlider_2,1647,1647,7834,0.0028879945469472376
hangGlider_3,10260,10260,49201,0.0004673897761514464
hangGlider_4,15561,15561,79088,0.00032661459507927907
hangGlider_5,16011,16011,82070,0.0003201455860004373
har_10NN,10299,10299,75868,0.000715267544501359
Hardesty1,938905,938905,6539157,7.4178570692243474e-06
Hardesty2,929901,303645,4020731,1.4239743598672392e-05
hcircuit,105676,105676,513072,4.5943659227791696e-05
heart1,3557,3557,1387773,0.10968587481956765
heart2,2339,2339,682797,0.12480476321994048
heart3,2339,2339,682797,0.12480476321994048
helm2d03,392257,392257,1567096,1.0184839678287858e-05
helm3d01,32226,32226,230335,0.0002217926396284689
hep-th,8361,8361,15751,0.00022531581943784456
hi2010,25016,25016,62063,9.917381689278183e-05
hood,220542,220542,5494489,0.00011296520398848433
hor_131,434,434,4710,0.025005840005096733
HTC_336_4438,226340,226340,565431,1.1037151200345606e-05
HTC_336_9129,226340,226340,554881,1.0831216355663149e-05
human_gene2,14340,14340,9041364,0.04396789271896501
hvdc1,24842,24842,159981,0.00025923598838565215
hvdc2,189860,189860,1347273,3.73756413173272e-05
hydr1c,5308,5308,23752,0.0008430209281578077
hydr1,5308,5308,23752,0.0008430209281578077
ia2010,216007,216007,510585,1.0942899265612541e-05
ibm_matrix_2,51448,51448,1056610,0.0003991882261227826
id2010,149842,149842,364132,1.62177919322948e-05
ifiss_mat,96307,96307,3599932,0.0003881312295815202
IG5-10,652,976,10273,0.016143580911193806
IG5-11,1227,1692,22110,0.010649858098227239
IG5-12,2296,2875,46260,0.007008029086502046
IG5-13,3994,4731,91209,0.0048269931847676395
IG5-14,6735,7621,173337,0.0033770828407848554
IG5-15,11369,11987,323509,0.002373851761873293
IG5-16,18846,18485,588326,0.0016888045873058892
IG5-17,30162,27944,1035008,0.0012279904756323677
IG5-18,47894,41550,1790490,0.0008997456627670101
IG5-8,156,292,1711,0.03756146821215314
IG5-9,342,540,4570,0.024745505739657787
igbt3,10938,10938,234006,0.0019559203036072165
iiasa,669,3639,7317,0.0030055563976206937
il2010,451554,451554,1082232,5.307634199103135e-06
illc1033,1033,320,4732,0.014315101645692158
illc1850,1850,712,8758,0.006648952323109626
Ill_Stokes,20896,20896,191368,0.0004382712665539424
image_interp,240000,120000,711683,2.4711215277777776e-05
imagesensor,118758,118758,1893170,0.00013423441168500271
impcol_a,207,207,572,0.013349203015239562
impcol_c,137,137,411,0.021897810218978103
impcol_d,425,425,1339,0.007413148788927335
impcol_e,225,225,1308,0.025837037037037037
in2010,267071,267071,640858,8.98479856716681e-06
indianpines_10NN,9144,9144,62328,0.0007454366760585373
init_adder1,1813,1813,11156,0.003394008279360103
inlet,11730,11730,328323,0.0023861914386570818
internet,124651,124651,207214,1.3336060604301289e-05
invextr1_new,30412,30412,1793881,0.0019395619982137027
iprob,3001,3001,9000,0.0009993336665185802
iris_dataset_30NN,150,150,2759,0.12262222222222223
jan99jac020sc,6774,6774,38692,0.0008432003817371148
jan99jac020,6774,6774,38692,0.0008432003817371148
jan99jac040sc,13694,13694,82842,0.00044176359972457314
jan99jac040,13694,13694,82842,0.00044176359972457314
jan99jac060sc,20614,20614,127182,0.00029929613377320524
jan99jac060,20614,20614,127182,0.00029929613377320524
jan99jac080sc,27534,27534,171522,0.00022624615952545715
jan99jac080,27534,27534,171522,0.00022624615952545715
jan99jac100sc,34454,34454,215862,0.000181843129858524
jan99jac100,34454,34454,215862,0.000181843129858524
jan99jac120sc,41374,41374,260202,0.00015200420774322924
jan99jac120,41374,41374,260202,0.00015200420774322924
JapaneseVowelsSmall_10NN,9961,9961,65572,0.0006608646928522694
jazz,198,198,2742,0.06994184266911539
jendrec1,2109,4228,89608,0.010049286452214302
jnlbrng1,40000,40000,119600,7.475e-05
Journals,124,124,6096,0.3964620187304891
JP,87616,67320,13734559,0.0023285586971745556
jpwh_991,991,991,6027,0.006136968335605719
juba40k,40337,40337,144945,8.908324906849986e-05
k1_san,67759,67759,303364,6.607391892896419e-05
k3plates,11107,11107,378927,0.0030715812496252496
k49_norm_10NN,38547,38547,309079,0.0002080119717832153
karted,46502,133115,1770349,0.00028599619929761775
Kaufhold,8765,8765,42471,0.0005528262364347127
Kemelmacher,28452,9693,100875,0.0003657737501219971
kineticBatchReactor_1,2052,2052,10836,0.002573441400772887
kineticBatchReactor_2,4361,4361,23559,0.0012387528846526464
kineticBatchReactor_3,5082,5082,27937,0.0010817090080801576
kineticBatchReactor_4,7105,7105,39290,0.0007783122470274722
kineticBatchReactor_5,7641,7641,42379,0.0007258557228197485
kineticBatchReactor_6,7773,7773,43280,0.0007163246836962268
kineticBatchReactor_7,7968,7968,44335,0.0006983096794809761
kineticBatchReactor_8,8052,8052,44700,0.0006894455784050467
kineticBatchReactor_9,8115,8115,45211,0.0006865419271417611
kkt_power,2063494,2063494,8130343,1.909424307694233e-06
kmnist_norm_10NN,10000,10000,78466,0.00078466
kron_g500-logn16,65536,65536,2456398,0.000571924727410078
kron_g500-logn17,131072,131072,5114375,0.00029769580578431487
kron_g500-logn18,262144,262144,10583222,0.0001540061493869871
ks2010,238600,238600,560899,9.852439734719645e-06
Kuu,7102,7102,173651,0.003442832965135059
ky2010,161672,161672,393889,1.5069686957596252e-05
l30,2701,16281,52070,0.00118408237629483
l9,244,1483,4659,0.012875429733703283
la2010,204447,204447,490317,1.1730471445738249e-05
laminar_duct3D,67173,67173,3833077,0.0008494895763571747
landmark,71952,2704,1151232,0.005917159763313609
language,399130,399130,1216334,7.635264782228231e-06
largebasis,440020,440020,5560100,2.871691410550092e-05
LargeRegFile,2111154,801374,4944201,2.9224087242165254e-06
large,4282,8617,20635,0.0005592444944296971
laser,3002,3002,5000,0.0005548155548976676
Lederberg,8843,8843,41601,0.0005319912879824816
LeGresley_2508,2508,2508,16727,0.0026592734191575795
LeGresley_4908,4908,4908,30482,0.0012654189989033755
LeGresley_87936,87936,87936,593276,7.672260966159854e-05
LF10000,19998,19998,59990,0.00015000499949985
LFAT5000,19994,19994,49980,0.00012502500374999968
lhr01,1477,1477,18592,0.008522462914772162
lhr02,2954,2954,37206,0.004263752624879156
lhr04c,4101,4101,82682,0.004916221419877191
lhr04,4101,4101,82682,0.004916221419877191
lhr07c,7337,7337,156508,0.0029073646357957728
lhr07,7337,7337,156508,0.0029073646357957728
lhr10c,10672,10672,232633,0.0020425828830337453
lhr10,10672,10672,232633,0.0020425828830337453
lhr11c,10964,10964,233741,0.0019444502861076566
lhr11,10964,10964,233741,0.0019444502861076566
lhr14c,14270,14270,307858,0.00151182839315258
lhr14,14270,14270,307858,0.00151182839315258
lhr17c,17576,17576,381975,0.0012365020813958042
lhr17,17576,17576,381975,0.0012365020813958042
lhr34c,35152,35152,764014,0.0006183028347506603
lhr34,35152,35152,764014,0.0006183028347506603
lhr71c,70304,70304,1528092,0.00030916436588851974
lhr71,70304,70304,1528092,0.00030916436588851974
Lin,256000,256000,1011200,1.54296875e-05
Linux_call_graph,324085,324085,1208908,1.1510001771287481e-05
linverse,11999,11999,53988,0.0003749791605894096
li,22695,22695,1350309,0.002621638390758102
lns_131,131,131,536,0.031233611094924535
lns_3937,3937,3937,25407,0.001639164568651718
lns_511,511,511,2796,0.010707679581496701
lnsp_131,131,131,536,0.031233611094924535
lnsp3937,3937,3937,25407,0.001639164568651718
lnsp_511,511,511,2796,0.010707679581496701
lop163,163,163,935,0.03519138846023562
lowThrust_10,18260,18260,116074,0.00034812355065987337
lowThrust_11,18368,18368,117002,0.0003467923782764147
lowThrust_12,18458,18458,117423,0.00034465444862737636
lowThrust_13,18476,18476,117580,0.00034444314715975194
lowThrust_1,584,584,3314,0.009716879339463315
lowThrust_2,2312,2312,13772,0.0025764478394655235
lowThrust_3,7064,7064,42284,0.0008473731192821753
lowThrust_4,13562,13562,84240,0.00045800569488543564
lowThrust_5,16262,16262,103701,0.0003921344798503887
lowThrust_6,16928,16928,108376,0.00037820025478754006
lowThrust_7,17378,17378,110607,0.00036625454886845036
lowThrust_8,17702,17702,113139,0.0003610502607722439
lowThrust_9,18044,18044,114806,0.00035261351092265856
lp22,2958,16392,68518,0.0014131054215664827
lp_25fv47,821,1876,10705,0.006950414103140119
lp_80bau3b,2262,12061,23264,0.0008527239699813598
lp_agg2,516,758,4740,0.012118794870221513
lp_agg3,516,758,4756,0.012159702194677957
lp_agg,488,615,2862,0.009536185525789685
lp_bandm,305,472,2494,0.017324256737982772
lp_beaconfd,173,295,3408,0.06677770157734889
lp_bnl1,643,1586,5532,0.005424603696026076
lp_bnl2,2324,4486,14996,0.0014384012068911272
lp_bore3d,233,334,1448,0.018606563696641053
lp_brandy,220,303,2202,0.03303330333033304
lp_capri,271,482,1896,0.014515165898546952
lp_cre_a,3516,7248,18168,0.0007129188044813115
lp_cre_b,9648,77137,260785,0.00035041490328497607
lp_cre_c,3068,6411,15977,0.0008122956042183852
lp_cre_d,8926,73948,246614,0.00037362369601369846
lp_cycle,1903,3371,21234,0.003310047851812615
lp_czprob,929,3562,10708,0.0032359271318044974
lp_d2q06c,2171,5831,33081,0.0026132187427843415
lp_d6cube,415,6184,37704,0.014691625492916036
lp_degen2,444,757,4201,0.012498958668047174
lp_degen3,1503,2604,25432,0.006498012679198695
lp_dfl001,6071,12230,35632,0.0004799030496712856
lp_e226,223,472,2768,0.026297788249600974
lp_etamacro,400,816,2537,0.007772671568627452
lp_fffff800,524,1028,6401,0.011882926901713844
lp_finnis,497,1064,2760,0.005219285638643894
lp_fit1p,627,1677,9868,0.00938487596994329
lp_fit2p,3000,13525,50284,0.0012392852741836106
lp_ganges,1309,1706,6937,0.0031063688397665367
lp_gfrd_pnc,616,1160,2445,0.0034216860725481413
lp_greenbea,2392,5598,31070,0.0023203162620190443
lp_greenbeb,2392,5598,31070,0.0023203162620190443
lp_grow15,300,645,5620,0.029043927648578813
lp_grow22,440,946,8252,0.019825100903325003
lp_grow7,140,301,2612,0.06198386331276697
lpi_bgdbg1,348,629,1662,0.007592785483252014
lpi_bgetam,400,816,2537,0.007772671568627452
lpi_bgindy,2671,10880,66266,0.0022802789217521526
lpi_box1,231,261,651,0.010797631487286661
lpi_ceria3d,3576,4400,21178,0.0013459680699613584
lpi_chemcom,288,744,1590,0.007420474910394265
lpi_cplex1,3005,5224,10947,0.000697344650187411
lpi_cplex2,224,378,1215,0.014349489795918368
lpi_ex72a,197,215,467,0.01102585290992799
lpi_ex73a,193,211,457,0.011222159467622719
lpi_gosh,3792,13455,99953,0.0019590422521077447
lpi_gran,2658,2525,20111,0.00299652087104873
lpi_greenbea,2393,5596,31074,0.0023204742686779734
lpi_klein2,477,531,5062,0.01998523414150746
lpi_klein3,994,1082,13101,0.012181220409332148
lpi_mondou2,312,604,1208,0.00641025641025641
lpi_pang,361,741,2933,0.010964444992729
lpi_pilot4i,410,1123,5264,0.011432791086592968
lpi_qual,323,464,1646,0.010982705241806341
lpi_reactor,318,808,2591,0.01008390933432966
lpi_refinery,323,464,1626,0.01084925803352194
lp_israel,174,316,2443,0.044431107231194526
lpi_vol1,323,464,1646,0.010982705241806341
lp_ken_07,2426,3602,8404,0.0009617264018844528
lp_ken_11,14694,21349,49058,0.00015638398156498777
lp_ken_13,28632,42659,97246,7.96176565700874e-05
lp_ken_18,105127,154699,358171,2.202361679932703e-05
lpl2,3294,10881,32232,0.0008992798228358485
lpl3,10828,33686,100525,0.00027559820863275414
lp_lotfi,153,366,1136,0.020286438801385764
lp_maros_r7,3136,9408,144848,0.00490952120644176
lp_maros,846,1966,10137,0.006094745423980722
lp_modszk1,687,1620,3168,0.00284651463690765
lp_nug05,210,225,1050,0.022222222222222223
lp_nug06,372,486,2232,0.012345679012345678
lp_nug07,602,931,4214,0.007518796992481203
lp_nug08,912,1632,7296,0.004901960784313725
lp_nug12,3192,8856,38304,0.0013550135501355014
lp_nug15,6330,22275,94950,0.0006734006734006734
lp_nug20,15240,72600,304800,0.0002754820936639118
lp_nug30,52260,379350,1567800,7.908264136022143e-05
lp_osa_07,1118,25067,144812,0.005167260864318331
lp_osa_14,2337,54797,317097,0.00247614822386925
lp_osa_30,4350,104374,604488,0.0013313924791680844
lp_osa_60,10280,243246,1408073,0.0005631010652264055
lp_pds_02,2953,7716,16571,0.000727265609460957
lp_pds_06,9881,29351,63220,0.00021798704781096268
lp_pds_10,16558,49932,107605,0.0001301504313289676
lp_pds_20,33874,108175,232647,6.348981616629847e-05
lp_perold,625,1506,6148,0.006531739707835326
lp_pilot4,410,1123,5264,0.011432791086592968
lp_pilot87,2030,6680,74949,0.005527049349576709
lp_pilot_ja,940,2267,14977,0.007028221757125829
lp_pilotnov,975,2446,13331,0.0055898693838186886
lp_pilot,1441,4860,44375,0.0063363347926537065
lp_pilot_we,722,2928,9265,0.004382653679063924
lp_qap12,3192,8856,38304,0.0013550135501355014
lp_qap15,6330,22275,94950,0.0006734006734006734
lp_qap8,912,1632,7296,0.004901960784313725
lp_sc105,105,163,340,0.0198656149576395
lp_sc205,205,317,665,0.010233130722474417
lp_scagr25,471,671,1725,0.00545815258146886
lp_scagr7,129,185,465,0.01948460087994972
lp_scfxm1,330,600,2732,0.013797979797979799
lp_scfxm2,660,1200,5469,0.006905303030303031
lp_scfxm3,990,1800,8206,0.0046049382716049385
lp_scorpion,388,466,1534,0.008484137870005752
lp_scrs8,490,1275,3288,0.005262905162064826
lp_scsd6,147,1350,4316,0.021748551272360795
lp_scsd8,397,2750,8584,0.007862605907945958
lp_sctap1,300,660,1872,0.009454545454545455
lp_sctap2,1090,2500,7334,0.0026913761467889908
lp_sctap3,1480,3340,9734,0.001969169768570966
lp_share1b,117,253,1179,0.03982973548190939
lp_shell,536,1777,3558,0.003735542882100471
lp_ship04l,402,2166,6380,0.007327168405433589
lp_ship04s,402,1506,4400,0.007267777975989905
lp_ship08l,778,4363,12882,0.003795058587432175
lp_ship08s,778,2467,7194,0.0037481907711352843
lp_ship12l,1151,5533,16276,0.0025557106770953144
lp_ship12s,1151,2869,8284,0.0025086161759713694
lp_sierra,1227,2735,8001,0.00238419831666838
lp_stair,356,614,4003,0.018313325769498224
lp_standata,359,1274,3230,0.007062177774473834
lp_standgub,361,1383,3339,0.0066878579025483565
lp_standmps,467,1274,3878,0.006518107160505447
lp_stocfor1,117,165,501,0.025951825951825953
lp_stocfor2,2157,3045,9357,0.0014246204932502951
lp_stocfor3,16675,23541,76473,0.0001948127503726154
lp_truss,1000,8806,27836,0.0031610265727912783
lp_tuff,333,628,4561,0.02181002658709665
lp_vtp_base,198,346,1051,0.015341274011794243
lp_wood1p,244,2595,70216,0.11089421649451972
lp_woodw,1098,8418,37487,0.00405573363695888
lund_a,147,147,1298,0.06006756444074228
lund_b,147,147,1294,0.059882456383914116
lung1,1650,1650,7419,0.0027250688705234157
lung2,109460,109460,492564,4.11104073219064e-05
lutz30-23-b6,1716,3003,12012,0.002331002331002331
M10PI_n1,528,528,1317,0.004724087465564738
M10PI_n,682,682,1633,0.0035108917191974615
m133-b3,200200,200200,800800,1.998001998001998e-05
M20PI_n1,1028,1028,2547,0.0024101424699844057
M20PI_n,1182,1182,2881,0.002062093271606529
m3plates,11107,11107,6639,5.3815716262662814e-05
M40PI_n1,2028,2028,5007,0.0012174235262537494
M40PI_n,2182,2182,5341,0.0011217939293326534
M80PI_n1,4028,4028,9927,0.0006118417354585429
M80PI_n,4182,4182,10261,0.000586707487464781
ma2010,157508,157508,388305,1.565192466205607e-05
mac_econ_fwd500,206500,206500,1273389,2.9862143765866013e-05
mahindas,1258,1258,7682,0.004854148078687497
majorbasis,160000,160000,1750416,6.837562499999999e-05
Maragal_2,555,350,4357,0.02242985842985843
Maragal_3,1690,860,18391,0.01265377734966286
Maragal_4,1964,1034,26719,0.013157039476535078
Maragal_5,4654,3320,93091,0.00602480830067153
Maragal_6,21255,10152,537694,0.0024918533051788306
Maragal_7,46845,26564,1200537,0.0009647589907020993
Maragal_8,33212,75077,1308415,0.0005247392796364539
marine1,400320,400320,6226538,3.885367175883594e-05
mario001,38434,38434,114643,7.760976539693653e-05
mario002,389874,389874,1167685,7.682050427059427e-06
mark3jac020sc,9129,9129,56175,0.0006740570679572277
mark3jac020,9129,9129,56175,0.0006740570679572277
mark3jac040sc,18289,18289,113435,0.00033913073845287045
mark3jac040,18289,18289,113435,0.00033913073845287045
mark3jac060sc,27449,27449,170695,0.000226551919169227
mark3jac060,27449,27449,170695,0.000226551919169227
mark3jac080sc,36609,36609,227955,0.00017008788880060554
mark3jac080,36609,36609,227955,0.00017008788880060554
mark3jac100sc,45769,45769,285215,0.00013615372097326034
mark3jac100,45769,45769,285215,0.00013615372097326034
mark3jac120sc,54929,54929,342475,0.00011350774323375935
mark3jac120,54929,54929,342475,0.00011350774323375935
mark3jac140sc,64089,64089,399735,9.732069135909203e-05
mark3jac140,64089,64089,399735,9.732069135909203e-05
matrix_9,103430,103430,2121550,0.00019831712697294368
matrix-new_3,125329,125329,2678750,0.00017054109029027015
mbeacxc,496,496,49920,0.20291363163371487
mbeaflw,496,496,49920,0.20291363163371487
mbeause,496,496,41063,0.1669119081685744
mc2depi,525825,525825,2100225,7.59597213290282e-06
mcca,180,180,2659,0.0820679012345679
mcfe,765,765,24382,0.04166260839847922
md2010,145247,145247,350189,1.659923823364559e-05
me2010,69518,69518,167738,3.470858607154228e-05
meg1,2904,2904,58142,0.006894404222540962
meg4,5860,5860,26324,0.0007665785274144136
memchip,2707524,2707524,14810202,2.0203022711070737e-06
memplus,17758,17758,126150,0.000400036069522546
mesh2e1,306,306,1162,0.012409756931094877
mesh2em5,306,306,1162,0.012409756931094877
mesh3e1,289,289,1089,0.013038636989499646
mesh3em5,289,289,1089,0.013038636989499646
mesh_deform,234023,9393,853829,0.0003884257711847698
mhd3200a,3200,3200,68026,0.0066431640625
mhd3200b,3200,3200,10758,0.0010505859375
mhd4800a,4800,4800,102252,0.004438020833333333
mhd4800b,4800,4800,16160,0.0007013888888888889
mhda416,416,416,8562,0.049475314349112426
mhdb416,416,416,1364,0.00788184171597633
mi2010,329885,329885,789045,7.25064488573966e-06
mice_10NN,1077,1077,6742,0.00581242472599616
micromass_10NN,571,571,4834,0.014826356194466338
mimo28x28_system,13251,13251,48737,0.00027756294370625184
mimo46x46_system,13250,13250,48735,0.0002775934496262015
mimo8x8_system,13309,13309,48872,0.00027591115676559795
minsurfo,40806,40806,122214,7.339608722212424e-05
MISKnowledgeMap,2427,2427,28511,0.004840306882688556
mixtank_new,29957,29957,1995041,0.002223080485752693
mk10-b1,630,45,1260,0.044444444444444446
mk10-b2,3150,630,9450,0.004761904761904762
mk10-b3,4725,3150,18900,0.0012698412698412698
mk10-b4,945,4725,4725,0.0010582010582010583
mk11-b1,990,55,1980,0.03636363636363636
mk11-b2,6930,990,20790,0.0030303030303030303
mk11-b3,17325,6930,69300,0.0005772005772005772
mk11-b4b,9450,17325,47250,0.0002886002886002886
mk11-b4,10395,17325,51975,0.0002886002886002886
mk12-b1,1485,66,2970,0.030303030303030304
mk12-b2,13860,1485,41580,0.00202020202020202
mk12-b3,51975,13860,207900,0.0002886002886002886
mk12-b4,62370,51975,311850,9.62000962000962e-05
mk12-b5,10395,62370,62370,9.62000962000962e-05
mk13-b5,135135,270270,810810,2.22000222000222e-05
mk9-b1,378,36,756,0.05555555555555555
mk9-b2,1260,378,3780,0.007936507936507936
mk9-b3,945,1260,3780,0.0031746031746031746
mn2010,259777,259777,613551,9.091787448921285e-06
mnist_test_norm_10NN,10000,10000,72800,0.000728
mo2010,343565,343565,828284,7.017161034106195e-06
mod2,34774,66409,199810,8.652380889649278e-05
model10,4400,16819,150372,0.0020319552021793533
model1,362,798,3028,0.010482006120273057
model2,379,1321,7607,0.015193974341817485
model3,1609,4578,23974,0.003254682798076894
model4,1337,4962,45753,0.0068965423682213695
model5,1888,11802,89925,0.004035736904690098
model6,2096,5289,27628,0.002492209814695342
model7,3358,9582,51027,0.0015858539108654815
model8,2896,6464,25277,0.0013502855594606422
model9,2879,10939,55956,0.00177675429640279
mosfet2,46994,46994,1499460,0.0006789691779870956
mri1,65536,147456,589824,6.103515625e-05
mri2,63240,147456,569160,6.103515625e-05
ms2010,171778,171778,419990,1.4233243065009376e-05
msc00726,726,726,17622,0.033433508640120214
msc01050,1050,1050,15103,0.013698866213151927
msc01440,1440,1440,23855,0.011504147376543209
msc04515,4515,4515,51111,0.002507257094292558
msc10848,10848,10848,620313,0.005271224702730571
msc23052,23052,23052,588933,0.0011082778875417623
msdoor,415863,415863,10328399,5.972173863801083e-05
m_t1,97578,97578,4925574,0.000517312560539075
mt2010,132288,132288,319334,1.824753728886136e-05
mult_dcop_01,25187,25187,193276,0.00030466673935334053
mult_dcop_02,25187,25187,193276,0.00030466673935334053
mult_dcop_03,25187,25187,193216,0.00030457215955884354
Muu,7102,7102,88618,0.0017569548790639768
n2c6-b1,105,15,210,0.13333333333333333
n2c6-b2,455,105,1365,0.02857142857142857
n2c6-b3,1365,455,5460,0.008791208791208791
n2c6-b4,3003,1365,15015,0.003663003663003663
n2c6-b5,4945,3003,29670,0.001998001998001998
n2c6-b6,5715,4945,40005,0.0014155712841253793
n2c6-b7,3990,5715,31920,0.0013998250218722659
n2c6-b8,1470,3990,13230,0.002255639097744361
n2c6-b9,306,1470,3060,0.006802721088435374
n3c5-b2,120,45,360,0.06666666666666667
n3c5-b3,210,120,840,0.03333333333333333
n3c5-b4,252,210,1260,0.023809523809523808
n3c5-b5,210,252,1260,0.023809523809523808
n3c5-b6,120,210,840,0.03333333333333333
n3c6-b10,675,2511,7425,0.004380724810832338
n3c6-b1,105,105,210,0.01904761904761905
n3c6-b2,455,105,1365,0.02857142857142857
n3c6-b3,1365,455,5460,0.008791208791208791
n3c6-b4,3003,1365,15015,0.003663003663003663
n3c6-b5,5005,3003,30030,0.001998001998001998
n3c6-b6,6435,5005,45045,0.0013986013986013986
n3c6-b7,6435,6435,51480,0.0012432012432012432
n3c6-b8,4935,6435,44415,0.0013986013986013986
oscil_dcop_08,430,430,1544,0.008350459707950243
oscil_dcop_09,430,430,1544,0.008350459707950243
oscil_dcop_10,430,430,1544,0.008350459707950243
oscil_dcop_11,430,430,1544,0.008350459707950243
oscil_dcop_12,430,430,1544,0.008350459707950243
oscil_dcop_13,430,430,1544,0.008350459707950243
oscil_dcop_14,430,430,1544,0.008350459707950243
oscil_dcop_15,430,430,1544,0.008350459707950243
oscil_dcop_16,430,430,1544,0.008350459707950243
oscil_dcop_17,430,430,1544,0.008350459707950243
oscil_dcop_18,430,430,1544,0.008350459707950243
oscil_dcop_19,430,430,1544,0.008350459707950243
oscil_dcop_20,430,430,1544,0.008350459707950243
oscil_dcop_21,430,430,1544,0.008350459707950243
oscil_dcop_22,430,430,1544,0.008350459707950243
oscil_dcop_23,430,430,1544,0.008350459707950243
oscil_dcop_24,430,430,1544,0.008350459707950243
oscil_dcop_25,430,430,1544,0.008350459707950243
oscil_dcop_26,430,430,1544,0.008350459707950243
oscil_dcop_27,430,430,1544,0.008350459707950243
oscil_dcop_28,430,430,1544,0.008350459707950243
oscil_dcop_29,430,430,1544,0.008350459707950243
oscil_dcop_30,430,430,1544,0.008350459707950243
oscil_dcop_31,430,430,1544,0.008350459707950243
oscil_dcop_32,430,430,1544,0.008350459707950243
oscil_dcop_33,430,430,1544,0.008350459707950243
oscil_dcop_34,430,430,1544,0.008350459707950243
oscil_dcop_35,430,430,1544,0.008350459707950243
oscil_dcop_36,430,430,1544,0.008350459707950243
oscil_dcop_37,430,430,1544,0.008350459707950243
oscil_dcop_38,430,430,1544,0.008350459707950243
oscil_dcop_39,430,430,1544,0.008350459707950243
oscil_dcop_40,430,430,1544,0.008350459707950243
oscil_dcop_41,430,430,1544,0.008350459707950243
oscil_dcop_42,430,430,1544,0.008350459707950243
oscil_dcop_43,430,430,1544,0.008350459707950243
oscil_dcop_44,430,430,1544,0.008350459707950243
oscil_dcop_45,430,430,1544,0.008350459707950243
oscil_dcop_46,430,430,1544,0.008350459707950243
oscil_dcop_47,430,430,1544,0.008350459707950243
oscil_dcop_48,430,430,1544,0.008350459707950243
oscil_dcop_49,430,430,1544,0.008350459707950243
oscil_dcop_50,430,430,1544,0.008350459707950243
oscil_dcop_51,430,430,1544,0.008350459707950243
oscil_dcop_52,430,430,1544,0.008350459707950243
oscil_dcop_53,430,430,1544,0.008350459707950243
oscil_dcop_54,430,430,1544,0.008350459707950243
oscil_dcop_55,430,430,1544,0.008350459707950243
oscil_dcop_56,430,430,1544,0.008350459707950243
oscil_dcop_57,430,430,1544,0.008350459707950243
oscil_trans_01,430,430,1614,0.008729042725797729
p0201,133,334,2056,0.04628337310341722
p0282,241,523,2207,0.017509897415961217
p0291,252,543,2283,0.01668420591072525
p0548,176,724,1887,0.014808827222501255
p05,5090,9590,59045,0.0012096138126855291
p2756,755,3511,9692,0.003656247819058739
p6000,2095,7967,19826,0.0011878353818091513
pa2010,421545,421545,1029231,5.791952260889861e-06
para-10,155924,155924,5416358,0.00022278268146573582
para-4,153226,153226,5326228,0.00022685837903885773
para-5,155924,155924,5416358,0.00022278268146573582
para-6,155924,155924,5416358,0.00022278268146573582
para-7,155924,155924,5416358,0.00022278268146573582
para-8,155924,155924,5416358,0.00022278268146573582
para-9,155924,155924,5416358,0.00022278268146573582
parabolic_fem,525825,525825,2100225,7.59597213290282e-06
patents_main,240547,240547,560943,9.694353297922595e-06
pcb1000,1565,2820,20463,0.004636666440078853
pcb3000,3960,7732,57479,0.0018772502573588968
pdb1HYS,36417,36417,2190591,0.0016517829037201851
pde225,225,225,1065,0.021037037037037038
pde2961,2961,2961,14585,0.001663526098198111
pde900,900,900,4380,0.005407407407407407
Pd_rhs,8081,12406,6323,6.307050352645209e-05
pds-100,156243,514577,1096002,1.3632026032590415e-05
pds-30,49944,158489,340635,4.303351512996463e-05
pds-40,66844,217531,466800,3.21031213570273e-05
pds-50,83060,275814,590833,2.579030692751234e-05
pds-60,99431,336421,719557,2.1510985018615043e-05
pds-70,114944,390005,833465,1.8592204424367927e-05
pds-80,129181,434580,927826,1.6527157302805448e-05
pds-90,142823,475448,1014136,1.4934649120669715e-05
Pd,8081,8081,13036,0.00019962463646716703
pesa,11738,11738,79566,0.000577483147778
pgp2,4034,13254,22474,0.0004203368994451044
PGPgiantcompo,10680,10680,24316,0.00021318155676191275
photogrammetry2,4472,936,37056,0.008852804917205633
photogrammetry,1388,390,11816,0.02182812384541491
piston,2025,2025,100015,0.024390184423106233
pivtol,102,102,306,0.029411764705882353
Plants_10NN,1600,1600,10965,0.004283203125
plantsmargin_12NN,1600,1600,12741,0.004976953125
plantstexture_10NN,1599,1599,10602,0.004146587865070453
plat1919,1919,1919,17159,0.0046595290614330626
plat362,362,362,3074,0.02345776990934343
plbuckle,1282,1282,15963,0.009712666197755555
plddb,3069,5049,10839,0.0006994987732150633
pltexpa,26894,70364,143059,7.559781868721556e-05
poisson2D,367,367,2417,0.017945043767494007
poisson3Da,13514,13514,352762,0.001931585635330921
poisson3Db,85623,85623,2374949,0.0003239465860221328
polblogs,1490,1490,19025,0.00856943380928787
poli3,16955,16955,37849,0.00013166150688923557
poli4,33833,33833,73249,6.399126308936551e-05
poli_large,15575,15575,33074,0.00013634229856568304
poli,4008,4008,8188,0.000509709124664842
pores_2,1224,1224,9613,0.006416469093083857
n3c6-b9,2511,4935,25110,0.002026342451874367
n4c5-b10,120,630,1320,0.01746031746031746
n4c5-b1,105,15,210,0.13333333333333333
n4c5-b2,455,105,1365,0.02857142857142857
n4c5-b3,1350,455,5400,0.008791208791208791
n4c5-b4,2852,1350,14260,0.003703703703703704
n4c5-b5,4340,2852,26040,0.0021037868162692847
n4c5-b6,4735,4340,33145,0.0016129032258064516
n4c5-b7,3635,4735,29080,0.001689545934530095
n4c5-b8,1895,3635,17055,0.0024759284731774417
n4c5-b9,630,1895,6300,0.005277044854881266
n4c6-b10,132402,186558,1456422,5.896289625746417e-05
n4c6-b11,69235,132402,830820,9.063307200797571e-05
n4c6-b12,25605,69235,332865,0.0001877663031703618
n4c6-b13,6300,25605,88200,0.0005467682093341144
n4c6-b14,920,6300,13800,0.002380952380952381
n4c6-b1,210,21,420,0.09523809523809523
n4c6-b2,1330,210,3990,0.014285714285714285
n4c6-b3,5970,1330,23880,0.0030075187969924814
n4c6-b4,20058,5970,100290,0.0008375209380234506
n4c6-b5,51813,20058,310878,0.0002991325157044571
n4c6-b6,104115,51813,728805,0.00013510122942118774
n4c6-b7,163215,104115,1305720,7.683811170340489e-05
n4c6-b8,198895,163215,1790055,5.5141990625861594e-05
n4c6-b9,186558,198895,1865580,5.027778476080344e-05
Na5,5832,5832,155731,0.004578677360233779
nasa1824,1824,1824,20516,0.006166560864881502
nasa2146,2146,2146,37198,0.00807718732004492
nasasrb,54870,54870,1366097,0.00045374475428094886
N_biocarta,1922,1996,4335,0.0011299915126819716
nc2010,288987,288987,708310,8.481384654050317e-06
ncvxbqp1,50000,50000,199984,7.99936e-05
ncvxqp1,12111,12111,40537,0.0002763704442791417
ncvxqp3,75000,75000,274982,4.888568888888889e-05
ncvxqp5,62500,62500,237483,6.0795648e-05
ncvxqp7,87500,87500,312481,4.081384489795918e-05
ncvxqp9,16554,16554,31547,0.00011512036663240389
nd12k,36000,36000,7128473,0.005500364969135802
nd2010,133769,133769,312973,1.7490245758376344e-05
nd3k,9000,9000,1644345,0.020300555555555558
nd6k,18000,18000,3457658,0.010671783950617283
ne2010,193352,193352,456927,1.222220275677792e-05
nemeth01,9506,9506,367280,0.004064448825636783
nemeth02,9506,9506,202157,0.002237140005565931
nemeth03,9506,9506,202157,0.002237140005565931
nemeth04,9506,9506,202157,0.002237140005565931
nemeth05,9506,9506,202157,0.002237140005565931
nemeth06,9506,9506,202157,0.002237140005565931
nemeth07,9506,9506,202159,0.0022371621382648293
nemeth08,9506,9506,202161,0.0022371842709637273
nemeth09,9506,9506,202506,0.0022410021615236397
nemeth10,9506,9506,205477,0.0022738802857366837
nemeth11,9506,9506,208885,0.002311594404658951
nemeth12,9506,9506,228162,0.0025249204229877468
nemeth13,9506,9506,241989,0.0026779348368193736
nemeth14,9506,9506,252825,0.0027978497994489756
nemeth15,9506,9506,274654,0.003039417141571676
nemeth16,9506,9506,298259,0.003300638320315839
nemeth17,9506,9506,319563,0.003536395828977803
nemeth18,9506,9506,352370,0.003899449555351866
nemeth19,9506,9506,413904,0.004580406302347983
nemeth20,9506,9506,490688,0.0054301248784416846
nemeth21,9506,9506,591626,0.0065471400591270625
nemeth22,9506,9506,684169,0.007571253236187901
nemeth23,9506,9506,758158,0.008390041365571588
nemeth24,9506,9506,758028,0.008388602740143214
nemeth25,9506,9506,760632,0.008417419514108468
nemeth26,9506,9506,760633,0.008417430580457916
nemsafm,334,2348,2826,0.0036035254873557827
nemscem,651,1712,3840,0.0034454541539256645
nemsemm1,3945,75352,1053986,0.003545627040024135
nemsemm2,6943,48878,182012,0.0005363390637423295
nemspmm1,2372,8903,55867,0.0026454788436510498
nemspmm2,2301,8734,68225,0.0033947964400937976
nemswrld,7138,28550,192283,0.0009435354745254795
neos1,131581,133473,599590,3.4140334852131485e-05
neos2,132568,134128,685087,3.8528985465202017e-05
neos3,512209,518832,2055024,7.732909701012273e-06
neos,479119,515905,1526794,6.176853684325402e-06
netscience,1589,1589,2742,0.0010859745710855905
nh2010,48837,48837,117275,4.9170823957633275e-05
nj2010,169588,169588,414956,1.4428188635488147e-05
nl,7039,15325,47035,0.00043602330247210423
nm2010,168609,168609,415485,1.4614832558771952e-05
nmos3,18588,18588,386594,0.0011188961559804116
nnc1374,1374,1374,8606,0.004558562108952072
nnc261,261,261,1500,0.022019641520236048
nnc666,666,666,4044,0.00911722533344155
nopoly,10774,10774,40808,0.00035155345309606013
nopss_11k,11685,11685,44941,0.000329143511690505
nos1,237,237,627,0.011162741013726432
nos2,957,957,2547,0.0027810261298532838
nos3,960,960,8402,0.009116753472222221
nos4,100,100,347,0.0347
nos5,468,468,2820,0.012875301336839798
nos6,675,675,1965,0.00431275720164609
nos7,729,729,2673,0.005029721079103795
N_pid,3625,3923,8054,0.0005663505234382554
N_reactome,10204,16559,43816,0.00025931531807589926
ns3Da,20414,20414,1679599,0.004030411473965355
nsct,23003,37563,697738,0.0008075094740139555
nsic,465,897,3449,0.008268901116025941
nsir,4453,10057,154939,0.003459709255268772
nug08-3rd,19728,29856,148416,0.0002519799824233368
nv1,75468,75468,2449194,0.0004300287634113152
nv2010,84538,84538,208499,2.917427270656191e-05
nxp1,414604,414604,2656177,1.545218988311903e-05
ny2010,350169,350169,854772,6.970996995565546e-06
obstclae,40000,40000,118804,7.42525e-05
odepa400,400,400,1201,0.00750625
odepb400,400,400,399,0.0024937500000000003
ODLIS,2909,2909,18246,0.002156156242034506
offshore,259789,259789,2251231,3.335635168415165e-05
oh2010,365344,365344,884120,6.6238006930821875e-06
ohne2,181343,181343,11063545,0.0003364284498223091
oilpan,73752,73752,1835470,0.00033744242746505085
ok2010,269118,269118,637074,8.796388214779556e-06
olafu,16146,16146,515651,0.0019779985460003126
olesnik0,88263,88263,402623,5.168222602195301e-05
Olivetti_norm_10NN,400,400,2828,0.017675
olm1000,1000,1000,3996,0.003996
olm100,100,100,396,0.039599999999999996
olm2000,2000,2000,7996,0.001999
olm5000,5000,5000,19996,0.00079984
olm500,500,500,1996,0.007984
onetone1,36057,36057,341088,0.0002623537406335929
onetone2,36057,36057,227628,0.0001750840172417191
OPF_10000,43887,43887,255799,0.00013280886130187804
OPF_3754,15435,15435,86854,0.0003645663303345618
OPF_6000,29902,29902,166160,0.00018583435696196903
optdigits_10NN,5620,5620,39825,0.0012609072833424096
or2010,196621,196621,489756,1.2668347392321835e-05
orani678,2529,2529,90158,0.014096347923595976
orbitRaising_1,442,442,1573,0.008051636944370508
orbitRaising_2,739,739,3464,0.00634291667963693
orbitRaising_3,761,761,3256,0.005622313816974346
orbitRaising_4,915,915,4144,0.004949684971184569
orsirr_1,1030,1030,6858,0.006464322744839287
orsirr_2,886,886,5970,0.00760513429367793
orsreg_1,2205,2205,14133,0.002906813519058417
oscil_dcop_01,430,430,1544,0.008350459707950243
oscil_dcop_02,430,430,1544,0.008350459707950243
oscil_dcop_03,430,430,1544,0.008350459707950243
oscil_dcop_04,430,430,1544,0.008350459707950243
oscil_dcop_05,430,430,1544,0.008350459707950243
oscil_dcop_06,430,430,1544,0.008350459707950243
oscil_dcop_07,430,430,1544,0.008350459707950243
p010,10090,19090,118000,0.0006126111720549626
pores_3,532,532,3474,0.0122745774209961
power197k,197156,197156,3698357,9.514562739811935e-05
power9,155376,155376,2512300,0.00010406474510108693
powersim,15838,15838,67562,0.00026934059798954755
PR02R,161070,161070,8185136,0.00031549797961496004
pre2,659033,659033,5959282,1.3720805681887336e-05
Pres_Poisson,14822,14822,365313,0.00166284400642129
primagaz,1554,10836,21665,0.0012865855889111703
problem1,415,415,2779,0.01613586877631006
progas,1650,1900,8897,0.002837958532695375
psmigr_1,3140,3140,543162,0.05508965880968802
psmigr_2,3140,3140,540022,0.0547711874721084
psmigr_3,3140,3140,543162,0.05508965880968802
psse0,26722,11028,102432,0.0003475921304424983
psse1,14318,11028,57376,0.00036337174322628615
psse2,28634,11028,115262,0.0003650121938431802
pwtk,217918,217918,5926171,0.0001247923520129912
qa8fk,66127,66127,863353,0.00019743800843639446
qa8fm,66127,66127,863353,0.00019743800843639446
qh1484,1484,1484,6110,0.0027744276777994926
qh768,768,768,2934,0.004974365234375
qh882,882,882,3354,0.004311475156956206
qiulp,1192,1900,4492,0.0019833980925468035
qpband,20000,20000,30000,7.5e-05
QRpivot,660,749,3808,0.007703200226564713
r05,5190,9690,104145,0.0020708435488585456
radfr1,1048,1048,13299,0.012108669366587029
radiation,223104,223104,7637688,0.00015344304205388063
raefsky1,3242,3242,294276,0.02799811694215458
raefsky2,3242,3242,294276,0.02799811694215458
raefsky3,21200,21200,1488768,0.0033124955500178
raefsky4,19779,19779,674195,0.001723363404253944
raefsky5,6316,6316,168658,0.004227880497713618
raefsky6,3402,3402,137845,0.011910291729352412
rail_1357,1357,1357,5171,0.0028081146966329232
rail_20209,20209,20209,79721,0.00019520147273109422
rail2586,2586,923269,8011362,0.0033554408064802744
rail4284,4284,1096894,11284032,0.0024013208183827277
rail507,507,63516,409856,0.012727414782378522
rail516,516,47827,315412,0.01278072147304813
rail_5177,5177,5177,20181,0.0007529850478683352
rail582,582,56097,402290,0.012321869819624538
rail_79841,79841,79841,316881,4.971005736553421e-05
Raj1,263743,263743,1302464,1.872422471419449e-05
rajat03,7602,7602,32653,0.0005650246016622414
rajat04,1041,1041,9642,0.008897452294540552
rajat05,301,301,1384,0.015275769583117185
rajat11,135,135,812,0.044554183813443074
rajat12,1879,1879,12926,0.003661091569491206
rajat13,7598,7598,48922,0.0008474334935677023
rajat14,180,180,1503,0.04638888888888889
rajat15,37261,37261,443573,0.0003194891329200573
rajat16,94294,94294,641159,7.211035350954104e-05
rajat17,94294,94294,641159,7.211035350954104e-05
rajat18,94294,94294,485143,5.456342846732132e-05
rajat19,1157,1157,5399,0.004033170756486577
rajat20,86916,86916,605045,8.00918294426192e-05
rajat21,411676,411676,1893370,1.1171831924696599e-05
rajat22,39899,39899,197264,0.00012391498061666586
rajat23,110355,110355,556938,4.573227651192325e-05
rajat24,358172,358172,1948235,1.518651338305638e-05
rajat25,87190,87190,607235,7.98773117324839e-05
rajat26,51032,51032,249302,9.57283524151803e-05
rajat27,20640,20640,99777,0.00023421303181900125
rajat28,87190,87190,607235,7.98773117324839e-05
rajat29,643994,643994,4866270,1.1733634594309956e-05
rajat30,643994,643994,6175377,1.4890176089716772e-05
rajat31,4690002,4690002,20316253,9.236289920811605e-07
rat,3136,9408,268908,0.009114447756143274
rbsa480,480,480,17088,0.07416666666666667
rbsb480,480,480,17088,0.07416666666666667
rdb1250l,1250,1250,7300,0.004672
rdb1250,1250,1250,7300,0.004672
rdb200l,200,200,1120,0.027999999999999997
rdb200,200,200,1120,0.027999999999999997
rdb2048_noL,2048,2048,12032,0.00286865234375
rdb2048,2048,2048,12032,0.00286865234375
rdb3200l,3200,3200,18880,0.0018437500000000001
rdb450l,450,450,2580,0.012740740740740742
rdb450,450,450,2580,0.012740740740740742
rdb5000,5000,5000,29600,0.001184
rdb800l,800,800,4640,0.0072499999999999995
rdb968,968,968,5632,0.006010518407212622
rdist1,4134,4134,94408,0.005524180401634738
rdist2,3198,3198,56934,0.005566917409684994
rdist3a,2398,2398,61896,0.010763765467608884
rel5,340,35,656,0.05512605042016807
rel6,2340,157,5101,0.013884805923022481
rel7,21924,1045,50636,0.00221015792703633
rel8,345688,12347,821839,0.00019254887899913643
relat5,340,35,1058,0.08890756302521008
relat6,2340,157,8108,0.02206979149654309
relat7b,21924,1045,81355,0.003550979503792571
relat7,21924,1045,81355,0.003550979503792571
relat8,345688,12347,1334038,0.00031255211962714105
reorientation_1,677,677,3861,0.008424079645843924
reorientation_2,1544,1544,9408,0.003946414668850171
reorientation_3,2513,2513,16821,0.0026635866751942823
reorientation_4,2717,2717,17613,0.002385910004607097
reorientation_5,2904,2904,18648,0.0022112560617444164
reorientation_6,3006,3006,19554,0.002164002002648064
reorientation_7,3057,3057,19473,0.0020837326003833607
reorientation_8,3108,3108,19860,0.0020559721331922104
Reuters911,13332,13332,148038,0.0008328803177347437
ri2010,25181,25181,62875,9.915898028964078e-05
rim,22560,22560,1014951,0.001994191611966199
rkat7_mat5,694,738,38114,0.07441640698827738
rlfddd,4050,61521,264627,0.0010620763641683328
rlfdual,8052,74970,282031,0.0004672029434393396
rlfprim,58866,62716,320591,8.683772729508518e-05
rma10,46835,46835,2374001,0.0010822805369125835
robot24c1_mat5_J,302,404,15118,0.12390990754704609
robot24c1_mat5,404,302,15118,0.12390990754704609
robot,120,120,870,0.06041666666666667
rosen10,2056,6152,64192,0.005075063375043641
rosen1,520,1544,23794,0.0296358110801116
rosen2,1032,3080,47536,0.014955199838920769
rosen7,264,776,8034,0.039216260543580135
rosen8,520,1544,16058,0.020000498206456756
rotor1,100,100,708,0.0708
rotor2,791,791,10685,0.017077392473161243
route,20894,43019,206782,0.0002300545517281334
Rucci1,1977885,109900,7791168,3.584295770868544e-05
rw136,136,136,479,0.025897491349480967
rw496,496,496,1859,0.007556419094693029
rw5151,5151,5151,20199,0.0007612841177228141
S10PI_n1,528,528,1317,0.004724087465564738
S10PI_n,682,682,1633,0.0035108917191974615
s1rmq4m1,5489,5489,143300,0.004756195841226168
s1rmt3m1,5489,5489,112505,0.0037340949973283326
S20PI_n1,1028,1028,2547,0.0024101424699844057
S20PI_n,1182,1182,2881,0.002062093271606529
s2rmq4m1,5489,5489,143300,0.004756195841226168
s2rmt3m1,5489,5489,112505,0.0037340949973283326
s3dkq4m2,90449,90449,2455670,0.00030016666863461565
s3dkt3m2,90449,90449,1921955,0.00023492848371957256
s3rmq4m1,5489,5489,143300,0.004756195841226168
s3rmt3m1,5489,5489,112505,0.0037340949973283326
s3rmt3m3,5357,5357,106526,0.003712037261569835
S40PI_n1,2028,2028,5007,0.0012174235262537494
S40PI_n,2182,2182,5341,0.0011217939293326534
S80PI_n1,4028,4028,9927,0.0006118417354585429
S80PI_n,4182,4182,10261,0.000586707487464781
saylr1,238,238,1128,0.019913847892098015
saylr3,1000,1000,2375,0.002375
saylr4,3564,3564,12940,0.001018729507319107
sc2010,181908,181908,446580,1.349570794710967e-05
sc205-2r,35213,62423,123239,5.6066120005156326e-05
scagr7-2b,9743,13847,35885,0.00026598953841686866
scagr7-2c,2447,3479,9005,0.0010577799213989053
scagr7-2r,32847,46679,120141,7.835631227852766e-05
scfxm1-2b,19036,33047,111052,0.0001765300514737417
scfxm1-2r,37980,65943,221388,8.83955526817059e-05
SciMet,3084,3084,10413,0.0010948311102363397
scircuit,170998,170998,958936,3.279499441349471e-05
scrs8-2b,1820,3499,7367,0.001156845440926607
scrs8-2c,1820,3499,7367,0.001156845440926607
scrs8-2r,14364,27691,58439,0.00014692264549238788
scsd8-2b,5130,35910,112770,0.0006121541670941486
scsd8-2c,5130,35910,112770,0.0006121541670941486
scsd8-2r,8650,60550,190210,0.0003631642506312559
sctap1-2b,15390,33858,99454,0.0001908632587017959
sctap1-2c,3390,7458,21854,0.000864388263558128
sctap1-2r,28830,63426,186366,0.00010191889780984128
sd2010,88360,88360,205361,2.6303076983925794e-05
semeion_10NN,1593,1593,11113,0.004379250243039916
seymourl,4944,6316,38493,0.0012327107300306819
sgpf5y6,246077,312540,831976,1.0817680913877853e-05
shallow_water1,81920,81920,204800,3.0517578125e-05
shallow_water2,81920,81920,204800,3.0517578125e-05
shar_te2-b1,17160,286,34320,0.006993006993006993
shar_te2-b2,200200,17160,600600,0.00017482517482517483
shar_te2-b3,200200,200200,800800,1.998001998001998e-05
sherman1,1000,1000,2375,0.002375
sherman2,1080,1080,23094,0.019799382716049384
sherman3,5005,5005,20033,0.0007997197607587217
sherman4,1104,1104,3786,0.0031062933207309388
sherman5,3312,3312,20793,0.0018955554680389274
shermanACa,3432,3432,25220,0.002141166913894187
shermanACb,18510,18510,145149,0.00042364414697211285
shermanACd,6136,6136,53329,0.0014164222431492003
ship_001,34920,34920,2339575,0.001918617943943873
ship_003,121728,121728,4103881,0.00027695791807661233
shipsec1,140874,140874,3977139,0.00020040524206163226
shipsec5,179860,179860,5146478,0.0001590892895692659
shipsec8,114919,114919,3384159,0.00025625189349770804
shl_0,663,663,1687,0.003837850257866228
shl_200,663,663,1726,0.003926573529980504
shl_400,663,663,1712,0.003894724150247174
shyy161,76480,76480,329762,5.637737489277148e-05
shyy41,4720,4720,20042,0.0008996157713300775
Si10H16,17077,17077,446500,0.0015310814909156513
Si2,769,769,9285,0.015701069228440834
Si34H36,97569,97569,2626974,0.0002759510600587942
Si41Ge41H72,185639,185639,7598452,0.0002204888761076258
Si5H12,19896,19896,379247,0.0009580553700311179
Si87H76,240369,240369,5451000,9.434508251500281e-05
Sieber,2290,2290,14873,0.00283613966171507
SiH4,5041,5041,88472,0.00348154850519334
SiNa,5743,5743,102265,0.0031006260405470865
sinc12,7500,7500,294986,0.005244195555555555
sinc15,11532,11532,568526,0.004275048669410033
sinc18,16428,16428,973826,0.003608377591655976
SiO2,155331,155331,5719417,0.00023704755791528905
SiO,33401,33401,675528,0.0006055143166106135
sit100,10262,10262,34094,0.0003237531004577364
slptsk,2861,3347,72465,0.007567540020553967
sls,1748122,62729,6804304,6.205026005044245e-05
SmaGri,1059,1059,4919,0.004386164366583116
small,677,1400,3207,0.003383625237391855
SmallW,396,396,994,0.00633863891439649
sme3Da,12504,12504,874887,0.005595694982212218
sme3Db,29067,29067,2081063,0.002463115666579601
sme3Dc,42930,42930,3148656,0.0017084545836485148
smt,25710,25710,1889447,0.0028584497433525756
soc-sign-bitcoin-alpha,3783,3783,24186,0.0016900181390808206
soc-sign-bitcoin-otc,5881,5881,35592,0.0010290821233382914
soc-sign-epinions,131828,131828,841372,4.841419648464106e-05
soc-sign-Slashdot081106,77357,77357,516575,8.632451490077344e-05
soc-sign-Slashdot090216,81871,81871,545671,8.140867447881048e-05
soc-sign-Slashdot090221,82144,82144,549202,8.13917555860553e-05
south31,18425,36321,112398,0.0001679551363525973
spaceShuttleEntry_1,560,560,3605,0.011495535714285715
spaceShuttleEntry_2,1428,1428,12444,0.006102440976390556
spaceShuttleEntry_3,1834,1834,14902,0.0044304301756831165
spaceShuttleEntry_4,2450,2450,20534,0.0034209079550187424
spaceStation_10,1272,1272,9096,0.005621810846089949
spaceStation_11,1364,1364,9860,0.005299662025610375
spaceStation_12,1410,1410,10260,0.005160706201901313
spaceStation_13,1617,1617,12279,0.004696160805357731
spaceStation_14,1640,1640,12623,0.004693262938726949
spaceStation_2,329,329,2999,0.027706691549412882
spaceStation_3,467,467,2681,0.0122931463760208
spaceStation_4,950,950,7079,0.00784376731301939
spaceStation_5,1019,1019,7895,0.007603328707453381
spaceStation_6,1111,1111,9109,0.007379765879378217
spaceStation_7,1134,1134,9444,0.00734395267023133
spaceStation_8,1157,1157,9797,0.0073185726803665484
spaceStation_9,1180,1180,10168,0.0073024992818155705
sparsine,50000,50000,799494,0.00031979759999999996
Spectro_10NN,531,531,3711,0.01316139466096375
specular,477976,1600,7647616,0.01
spiral,1434,1434,9831,0.004780786984354849
spmsrtls,29995,29995,129971,0.00014446037166665634
ss1,205282,205282,845089,2.00539860407088e-05
stat96v1,5995,197472,588798,0.0004973608699195529
stat96v2,29089,957432,2852184,0.0001024096327971938
stat96v3,33841,1113780,3317736,8.802361942181795e-05
stat96v4,3173,63076,491336,0.002454959711531741
stat96v5,2307,75779,233921,0.0013380512480017336
std1_Jac2_db,21982,21982,498771,0.0010322069700107236
std1_Jac2,21982,21982,1248731,0.0025842497696707727
std1_Jac3_db,21982,21982,531826,0.0011006143180596368
std1_Jac3,21982,21982,1455848,0.0030128785612559103
steam1,240,240,3762,0.06531250000000001
steam2,600,600,13760,0.03822222222222222
StocF-1465,1465137,1465137,11235263,5.233916274124581e-06
stoch_aircraft,3754,7517,20267,0.0007182086790453095
stokes128,49666,49666,295938,0.00011997268155661084
stokes64s,12546,12546,74242,0.0004716709145129917
stokes64,12546,12546,74242,0.0004716709145129917
stomach,213360,213360,3021648,6.637703751597979e-05
stormG2_1000,528185,1377306,3459881,4.756030805479048e-06
stormg2-125,66185,172431,433256,3.796379903487037e-05
stormg2-27,14441,37485,94274,0.00017415548265794326
stormg2-8,4409,11322,28553,0.0005719900787476468
str_0,363,363,2454,0.018623500216287593
str_200,363,363,3068,0.02328316978955597
str_400,363,363,3157,0.023958594206528093
str_600,363,363,3279,0.02488445689046741
sts4098,4098,4098,38227,0.002276283280229783
swang1,3169,3169,20841,0.0020752674541882296
swang2,3169,3169,20841,0.0020752674541882296
sx-askubuntu,159316,159316,596933,2.3518347370016487e-05
sx-mathoverflow,24818,24818,239978,0.00038961697406616504
sx-superuser,194085,194085,924886,2.455298292135063e-05
t2dah_a,11445,11445,93781,0.0007159509428438211
t2dah_e,11445,11445,93781,0.0007159509428438211
t2dah,11445,11445,93781,0.0007159509428438211
t2dal_a,4257,4257,20861,0.0011511391454685947
t2dal_bci,4257,4257,20861,0.0011511391454685947
t2dal_e,4257,4257,4257,0.0002349072116513977
t2dal,4257,4257,20861,0.0011511391454685947
t2d_q4,9801,9801,87025,0.0009059479645350598
t2d_q9,9801,9801,87025,0.0009059479645350598
t2em,921632,921632,4590832,5.404758699235828e-06
t3dh_a,79171,79171,2215638,0.0003534813818101535
t3dh_e,79171,79171,2215638,0.0003534813818101535
t3dh,79171,79171,2215638,0.0003534813818101535
t3dl_a,20360,20360,265113,0.0006395514337215003
t3dl_e,20360,20360,20360,4.911591355599214e-05
t3dl,20360,20360,265113,0.0006395514337215003
t520,5563,5563,145952,0.00471619692384091
ted_A,10605,10605,424587,0.003775246791197608
ted_A_unscaled,10605,10605,424587,0.003775246791197608
ted_B,10605,10605,77592,0.0006899150210030096
ted_B_unscaled,10605,10605,77592,0.0006899150210030096
TEM152078,152078,152078,3305702,0.00014293247556865197
TEM181302,181302,181302,4010156,0.00012199894571188758
TEM27623,27623,27623,233546,0.0003060770356552985
test1,392908,392908,12968200,8.400361127706946e-05
testbig,17613,31223,61639,0.00011208503200873316
TF11,216,236,1607,0.03152463904582549
TF12,488,552,4231,0.01570667023045854
TF13,1121,1302,11185,0.007663362890550598
TF14,2644,3160,29862,0.003574130105900151
TF15,6334,7742,80057,0.0016325559933037816
TF16,15437,19321,216173,0.0007247845799095796
TF17,38132,48630,586218,0.00031612969733436105
TF18,95368,123867,1597545,0.00013523677514086583
TF19,241029,317955,4370721,5.703193764531273e-05
thermal1,82654,82654,328556,4.8092975854621665e-05
thermal2,1228045,1228045,4904179,3.251904259565172e-06
thermal,3456,3456,66528,0.005570023148148148
thermomech_dK,204316,204316,2846228,6.818124567596647e-05
thermomech_dM,204316,204316,813716,1.9492525021349217e-05
thermomech_TC,102158,102158,406858,3.898505004269843e-05
thermomech_TK,102158,102158,406858,3.898505004269843e-05
thread,29736,29736,2249892,0.0025444655502725845
tmt_sym,726713,726713,2903837,5.4985271791834195e-06
tmt_unsym,917825,917825,4584801,5.44252865443399e-06
tn2010,240116,240116,596983,1.0354276641483605e-05
tols1090,1090,1090,3546,0.002984597256123222
tols2000,2000,2000,5184,0.001296
tols340,340,340,2196,0.018996539792387544
tols4000,4000,4000,8784,0.000549
tomographic1,73159,59498,647495,0.00014875319113725495
tomography,500,500,28726,0.11490399999999999
torsion1,40000,40000,118804,7.42525e-05
torso1,116158,116158,8516500,0.000631194054222655
torso2,115967,115967,1033473,7.684759672365364e-05
torso3,259156,259156,4429042,6.594581842023316e-05
tp-6,142752,1014301,11537419,7.968188689878705e-05
trans4,116835,116835,766396,5.614451099680582e-05
trans5,116835,116835,766396,5.614451099680582e-05
transient,178866,178866,961790,3.006247049195468e-05
Trec10,106,478,8612,0.16996921133654377
Trec11,235,1138,35705,0.13351157312193843
Trec12,551,2726,151219,0.10067668602274527
Trec13,1301,6561,654517,0.07667849792774273
Trec14,3159,15905,2872265,0.05716644778435271
Trefethen_150,150,150,1095,0.048666666666666664
Trefethen_20000b,19999,19999,287217,0.0007181143096356778
Trefethen_20000,20000,20000,287233,0.0007180824999999999
Trefethen_2000,2000,2000,21953,0.00548825
Trefethen_200b,199,199,1536,0.038786899320724225
Trefethen_200,200,200,1545,0.038625
Trefethen_300,300,300,2489,0.027655555555555555
Trefethen_500,500,500,4489,0.017956
Trefethen_700,700,700,6677,0.013626530612244897
TSC_OPF_1047,8140,8140,1012521,0.015281121528050275
TSC_OPF_300,9774,9774,415289,0.004347161336275538
TSOPF_FS_b162_c1,10798,10798,305732,0.0026221301914930704
TSOPF_FS_b162_c3,30798,30798,904612,0.000953712149521391
TSOPF_FS_b162_c4,40798,40798,1204322,0.0007235438770344078
TSOPF_FS_b300_c1,29214,29214,2203949,0.002582376082718448
TSOPF_FS_b300_c2,56814,56814,4391071,0.0013603783932903768
TSOPF_FS_b300_c3,84414,84414,6578753,0.000923240018507168
TSOPF_FS_b300,29214,29214,2203949,0.002582376082718448
TSOPF_FS_b39_c19,76216,76216,998359,0.00017186776641801485
TSOPF_FS_b39_c30,120216,120216,1575639,0.00010902652625952064
TSOPF_FS_b39_c7,28216,28216,368599,0.00046298109669430903
TSOPF_FS_b9_c1,2454,2454,12831,0.0021306464372323614
TSOPF_FS_b9_c6,14454,14454,75801,0.00036282636207575215
TSOPF_RS_b162_c1,5374,5374,205399,0.007112184276691492
TSOPF_RS_b162_c3,15374,15374,610299,0.0025820753096011946
TSOPF_RS_b162_c4,20374,20374,812749,0.0019579601127127292
TSOPF_RS_b2052_c1,25626,25626,6761100,0.010295696120352188
TSOPF_RS_b2383_c1,38120,38120,16171169,0.011128474420535361
TSOPF_RS_b2383,38120,38120,16171169,0.011128474420535361
TSOPF_RS_b300_c1,14538,14538,1474325,0.0069756374540080835
TSOPF_RS_b300_c2,28338,28338,2943887,0.0036659179787807026
TSOPF_RS_b300_c3,42138,42138,4413449,0.0024855944745971067
TSOPF_RS_b39_c19,38098,38098,684206,0.0004713923425075804
TSOPF_RS_b39_c30,60098,60098,1079986,0.0002990185195655686
TSOPF_RS_b39_c7,14098,14098,252446,0.0012701455214869965
TSOPF_RS_b678_c1,18696,18696,4396289,0.012577340984797592
TSOPF_RS_b678_c2,35696,35696,8781949,0.006892103723489215
TSOPF_RS_b9_c6,7224,7224,54082,0.0010363280881128367
ts-palko,22002,47235,1076903,0.0010362165080078222
TS,2142,2142,45262,0.009864948157912402
tub1000,1000,1000,3996,0.003996
tub100,100,100,396,0.039599999999999996
tube2,21498,21498,459277,0.0009937532910936093
tuma1,22967,22967,50560,9.585141411045312e-05
tuma2,12992,12992,28440,0.00016849133381057537
tumorAntiAngiogenesis_1,205,205,953,0.022676977989292087
tumorAntiAngiogenesis_2,305,305,1441,0.015490459553883364
tumorAntiAngiogenesis_3,410,410,2099,0.012486615110053539
tumorAntiAngiogenesis_4,455,455,2433,0.011752203840115927
tumorAntiAngiogenesis_5,460,460,2483,0.011734404536862003
tumorAntiAngiogenesis_6,465,465,2537,0.011733148340848654
tumorAntiAngiogenesis_7,475,475,2441,0.010818836565096954
tumorAntiAngiogenesis_8,490,490,2535,0.010558100791336943
turon_m,189924,189924,912345,2.529294499056169e-05
twotone,120750,120750,1224224,8.396274149231211e-05
tx2010,914231,914231,2228136,2.665813781602475e-06
ulevimin,6590,46937,164538,0.0005319434570919215
umistfacesnorm_10NN,575,575,3495,0.010570888468809074
USAir97,332,332,2126,0.01928799535491363
usps_norm_5NN,11000,11000,40556,0.0003351735537190083
ut2010,115406,115406,286033,2.1476295160027796e-05
utm1700b,1700,1700,21509,0.007442560553633218
utm300,300,300,3155,0.035055555555555555
utm3060,3060,3060,42211,0.0045079883805374
utm5940,5940,5940,83842,0.0023762314503055246
va2010,285762,285762,701064,8.58516631501908e-06
vanbody,47072,47072,1191985,0.0005379544299061252
Vehicle_10NN,846,846,5447,0.007610560613427672
venkat01,62424,62424,1717792,0.0004408261894624827
venkat25,62424,62424,1717792,0.0004408261894624827
venkat50,62424,62424,1717792,0.0004408261894624827
vibrobox,12328,12328,177578,0.0011684332548245427
viscoplastic1,4326,4326,61166,0.0032684139103217246
viscoplastic2,32769,32769,381326,0.0003551158372064838
viscorocks,37762,37762,1162244,0.0008150557902449922
vt2010,32580,32580,77799,7.32945790331096e-05
wa2010,195574,195574,473716,1.238499446628117e-05
wang1,2903,2903,19093,0.0022655836449850717
wang2,2903,2903,19093,0.0022655836449850717
wang3,26064,26064,177168,0.00026079733468091574
wang4,26068,26068,177196,0.0002607585091189486
water_tank,60740,60740,2035281,0.0005516642020936167
wathen100,30401,30401,251001,0.0002715812062749711
wathen120,36441,36441,301101,0.00022674181852062154
watson_1,201155,386992,1055093,1.3553701677192597e-05
watson_2,352013,677224,1846391,7.745199906083867e-06
watt_1,1856,1856,11360,0.0032977853745541023
watt_2,1856,1856,11550,0.003352941996135553
webbase-1M,1000005,1000005,3105536,3.105504944872914e-06
well1033,1033,320,4732,0.014315101645692158
well1850,1850,712,8758,0.006648952323109626
west0132,132,132,414,0.023760330578512397
west0156,156,156,371,0.01524490466798159
west0167,167,167,507,0.018179210441392663
west0381,381,381,2157,0.014859363052059437
west0479,479,479,1910,0.00832458017529561
west0497,497,497,1727,0.006991648077600411
west0655,655,655,2854,0.006652292989919002
west0989,989,989,3537,0.00361611702437633
west1505,1505,1505,5445,0.00240394697630269
west2021,2021,2021,7353,0.0018002463495004578
wi2010,253096,253096,604702,9.439974953176357e-06
wiki-RfA,11380,11380,188077,0.0014522827023637807
wiki-talk-temporal,1140149,1140149,3309592,2.5459580106354363e-06
windtunnel_evap2d,8256,8256,233468,0.003425216239258458
windtunnel_evap3d,40816,40816,2730600,0.0016390688749970996
wm1,207,277,2909,0.050733357749524755
wm2,207,260,2942,0.054663693794128575
wm3,207,260,2948,0.054775176514306946
Wordnet3,82670,82670,132964,1.9455311844883554e-05
WorldCities,315,100,7518,0.23866666666666667
world,34506,67147,198883,8.583737547772335e-05
worms20_10NN,20055,20055,120413,0.0002993836259685018
wv2010,135218,135218,331461,1.8128564671688175e-05
ww_vref_6405,13251,13251,48737,0.00027756294370625184
wy2010,86204,86204,213793,2.876991938610266e-05
x104,108384,108384,5138004,0.00043738520460532285
xenon1,48600,48600,1181120,0.0005000592728073294
xenon2,157464,157464,3866688,0.00015594683739093623
xingo3012,20944,20944,74386,0.00016957895214478596
xingo_afonso_itaipu,13250,13250,48735,0.0002775934496262015
YaleA_10NN,165,165,1134,0.04165289256198347
YaleB_10NN,2414,2414,17404,0.00298658268633194
yeast_30NN,1484,1484,31175,0.014155938274206087
young3c,841,841,3988,0.0056384944597691715
Zd_Jac2_db,22835,22835,676439,0.0012972587448086392
Zd_Jac2,22835,22835,1642833,0.0031505863433513017
Zd_Jac3_db,22835,22835,713907,0.001369113990663018
Zd_Jac3,22835,22835,1916152,0.0036747510690284912
Zd_Jac6_db,22835,22835,663643,0.001272718878096975
Zd_Jac6,22835,22835,1711983,0.0032832005808561136
zed,116,142,666,0.04043224866440019
zenios,2873,2873,15032,0.0018211491485049483
zeros_nopss_13k,13296,13296,48827,0.00027619640951342456
Zewail,6752,6752,54233,0.0011895939907571708
Zhao1,33861,33861,166453,0.00014517507777460893
Zhao2,33861,33861,166453,0.00014517507777460893
